method,material,residue,evaluated_pixels,false_clean_rate,clean_pass_rate,flag_rate,unknown_rate,usable_coverage,evidence_type
v1_multifrequency,glass,clean,6144,,1.0,0.0,0.0,1.0,ASSUMPTION_DRIVEN_SIMULATION_ONLY
v1_multifrequency,glass,detergent_crystals,1917,0.07876890975482524,,0.9212310902451748,0.0,1.0,ASSUMPTION_DRIVEN_SIMULATION_ONLY
v1_multifrequency,glass,matched_invisible,3490,1.0,,0.0,0.0,1.0,ASSUMPTION_DRIVEN_SIMULATION_ONLY
v1_multifrequency,glass,oil_film,3719,1.0,,0.0,0.0,1.0,ASSUMPTION_DRIVEN_SIMULATION_ONLY
v1_multifrequency,glass,particles,1649,0.09338993329290479,,0.9066100667070952,0.0,1.0,ASSUMPTION_DRIVEN_SIMULATION_ONLY
v1_multifrequency,glass,primary_degenerate_film,3797,1.0,,0.0,0.0,1.0,ASSUMPTION_DRIVEN_SIMULATION_ONLY
v1_multifrequency,glass,protein_smear,2871,0.0421455938697318,,0.0,0.9578544061302682,0.04214559386973182,ASSUMPTION_DRIVEN_SIMULATION_ONLY
v1_multifrequency,glass,water_film,3790,0.23218997361477572,,0.7678100263852242,0.0,1.0,ASSUMPTION_DRIVEN_SIMULATION_ONLY
v1_multifrequency,glazed_ceramic,clean,6144,,1.0,0.0,0.0,1.0,ASSUMPTION_DRIVEN_SIMULATION_ONLY
v1_multifrequency,glazed_ceramic,detergent_crystals,2053,0.08329274232830004,,0.9167072576716999,0.0,1.0,ASSUMPTION_DRIVEN_SIMULATION_ONLY
v1_multifrequency,glazed_ceramic,matched_invisible,3522,1.0,,0.0,0.0,1.0,ASSUMPTION_DRIVEN_SIMULATION_ONLY
v1_multifrequency,glazed_ceramic,oil_film,3582,0.34505862646566166,,0.6549413735343383,0.0,1.0,ASSUMPTION_DRIVEN_SIMULATION_ONLY
v1_multifrequency,glazed_ceramic,particles,1685,0.08071216617210683,,0.9192878338278931,0.0,1.0,ASSUMPTION_DRIVEN_SIMULATION_ONLY
v1_multifrequency,glazed_ceramic,primary_degenerate_film,3844,0.8699271592091571,,0.13007284079084286,0.0,1.0,ASSUMPTION_DRIVEN_SIMULATION_ONLY
v1_multifrequency,glazed_ceramic,protein_smear,3165,0.035703001579778834,,0.0,0.9642969984202212,0.03570300157977879,ASSUMPTION_DRIVEN_SIMULATION_ONLY
v1_multifrequency,glazed_ceramic,water_film,3642,0.21554091158704008,,0.7844590884129599,0.0,1.0,ASSUMPTION_DRIVEN_SIMULATION_ONLY
v1_multifrequency,hdpe,clean,6144,,1.0,0.0,0.0,1.0,ASSUMPTION_DRIVEN_SIMULATION_ONLY
v1_multifrequency,hdpe,detergent_crystals,1856,0.07058189655172414,,0.9294181034482759,0.0,1.0,ASSUMPTION_DRIVEN_SIMULATION_ONLY
v1_multifrequency,hdpe,matched_invisible,3553,1.0,,0.0,0.0,1.0,ASSUMPTION_DRIVEN_SIMULATION_ONLY
v1_multifrequency,hdpe,oil_film,3811,1.0,,0.0,0.0,1.0,ASSUMPTION_DRIVEN_SIMULATION_ONLY
v1_multifrequency,hdpe,particles,1598,0.07884856070087609,,0.9211514392991239,0.0,1.0,ASSUMPTION_DRIVEN_SIMULATION_ONLY
v1_multifrequency,hdpe,primary_degenerate_film,3619,0.558717877866814,,0.44128212213318596,0.0,1.0,ASSUMPTION_DRIVEN_SIMULATION_ONLY
v1_multifrequency,hdpe,protein_smear,3071,0.048518397915988276,,0.0,0.9514816020840117,0.04851839791598833,ASSUMPTION_DRIVEN_SIMULATION_ONLY
v1_multifrequency,hdpe,water_film,3601,0.23271313524021106,,0.7672868647597889,0.0,1.0,ASSUMPTION_DRIVEN_SIMULATION_ONLY
v1_multifrequency,stainless_steel,clean,6144,,1.0,0.0,0.0,1.0,ASSUMPTION_DRIVEN_SIMULATION_ONLY
v1_multifrequency,stainless_steel,detergent_crystals,1875,0.0688,,0.9312,0.0,1.0,ASSUMPTION_DRIVEN_SIMULATION_ONLY
v1_multifrequency,stainless_steel,matched_invisible,3789,1.0,,0.0,0.0,1.0,ASSUMPTION_DRIVEN_SIMULATION_ONLY
v1_multifrequency,stainless_steel,oil_film,3575,0.6696503496503496,,0.33034965034965036,0.0,1.0,ASSUMPTION_DRIVEN_SIMULATION_ONLY
v1_multifrequency,stainless_steel,particles,1787,0.07554560716284275,,0.9244543928371572,0.0,1.0,ASSUMPTION_DRIVEN_SIMULATION_ONLY
v1_multifrequency,stainless_steel,primary_degenerate_film,3974,1.0,,0.0,0.0,1.0,ASSUMPTION_DRIVEN_SIMULATION_ONLY
v1_multifrequency,stainless_steel,protein_smear,3145,0.059777424483306835,,0.9402225755166932,0.0,1.0,ASSUMPTION_DRIVEN_SIMULATION_ONLY
v1_multifrequency,stainless_steel,water_film,3805,0.8378449408672799,,0.1621550591327201,0.0,1.0,ASSUMPTION_DRIVEN_SIMULATION_ONLY
v2_angle,glass,clean,6144,,1.0,0.0,0.0,1.0,ASSUMPTION_DRIVEN_SIMULATION_ONLY
v2_angle,glass,detergent_crystals,1917,0.07876890975482524,,0.9212310902451748,0.0,1.0,ASSUMPTION_DRIVEN_SIMULATION_ONLY
v2_angle,glass,matched_invisible,3490,1.0,,0.0,0.0,1.0,ASSUMPTION_DRIVEN_SIMULATION_ONLY
v2_angle,glass,oil_film,3719,0.794030653401452,,0.0,0.205969346598548,0.7940306534014521,ASSUMPTION_DRIVEN_SIMULATION_ONLY
v2_angle,glass,particles,1649,0.09338993329290479,,0.9066100667070952,0.0,1.0,ASSUMPTION_DRIVEN_SIMULATION_ONLY
v2_angle,glass,primary_degenerate_film,3797,0.4279694495654464,,0.0,0.5720305504345536,0.42796944956544636,ASSUMPTION_DRIVEN_SIMULATION_ONLY
v2_angle,glass,protein_smear,2871,0.0421455938697318,,0.13758272378962033,0.8202716823406478,0.17972831765935215,ASSUMPTION_DRIVEN_SIMULATION_ONLY
v2_angle,glass,water_film,3790,0.05303430079155673,,0.9469656992084433,0.0,1.0,ASSUMPTION_DRIVEN_SIMULATION_ONLY
v2_angle,glazed_ceramic,clean,6144,,1.0,0.0,0.0,1.0,ASSUMPTION_DRIVEN_SIMULATION_ONLY
v2_angle,glazed_ceramic,detergent_crystals,2053,0.08329274232830004,,0.9167072576716999,0.0,1.0,ASSUMPTION_DRIVEN_SIMULATION_ONLY
v2_angle,glazed_ceramic,matched_invisible,3522,1.0,,0.0,0.0,1.0,ASSUMPTION_DRIVEN_SIMULATION_ONLY
v2_angle,glazed_ceramic,oil_film,3582,0.34477945281965383,,0.6549413735343383,0.00027917364600781687,0.9997208263539922,ASSUMPTION_DRIVEN_SIMULATION_ONLY
v2_angle,glazed_ceramic,particles,1685,0.08071216617210683,,0.9192878338278931,0.0,1.0,ASSUMPTION_DRIVEN_SIMULATION_ONLY
v2_angle,glazed_ceramic,primary_degenerate_film,3844,0.04838709677419355,,0.9516129032258065,0.0,1.0,ASSUMPTION_DRIVEN_SIMULATION_ONLY
v2_angle,glazed_ceramic,protein_smear,3165,0.035703001579778834,,0.0,0.9642969984202212,0.03570300157977879,ASSUMPTION_DRIVEN_SIMULATION_ONLY
v2_angle,glazed_ceramic,water_film,3642,0.04612850082372323,,0.9538714991762768,0.0,1.0,ASSUMPTION_DRIVEN_SIMULATION_ONLY
v2_angle,hdpe,clean,6144,,1.0,0.0,0.0,1.0,ASSUMPTION_DRIVEN_SIMULATION_ONLY
v2_angle,hdpe,detergent_crystals,1856,0.07058189655172414,,0.9294181034482759,0.0,1.0,ASSUMPTION_DRIVEN_SIMULATION_ONLY
v2_angle,hdpe,matched_invisible,3553,1.0,,0.0,0.0,1.0,ASSUMPTION_DRIVEN_SIMULATION_ONLY
v2_angle,hdpe,oil_film,3811,0.050380477564943585,,0.03647336657045395,0.9131461558646025,0.08685384413539754,ASSUMPTION_DRIVEN_SIMULATION_ONLY
v2_angle,hdpe,particles,1598,0.07884856070087609,,0.9211514392991239,0.0,1.0,ASSUMPTION_DRIVEN_SIMULATION_ONLY
v2_angle,hdpe,primary_degenerate_film,3619,0.3821497651284885,,0.44128212213318596,0.1765681127383255,0.8234318872616745,ASSUMPTION_DRIVEN_SIMULATION_ONLY
v2_angle,hdpe,protein_smear,3071,0.048518397915988276,,0.0,0.9514816020840117,0.04851839791598833,ASSUMPTION_DRIVEN_SIMULATION_ONLY
v2_angle,hdpe,water_film,3601,0.05998333796167731,,0.9400166620383227,0.0,1.0,ASSUMPTION_DRIVEN_SIMULATION_ONLY
v2_angle,stainless_steel,clean,6144,,1.0,0.0,0.0,1.0,ASSUMPTION_DRIVEN_SIMULATION_ONLY
v2_angle,stainless_steel,detergent_crystals,1875,0.0688,,0.9312,0.0,1.0,ASSUMPTION_DRIVEN_SIMULATION_ONLY
v2_angle,stainless_steel,matched_invisible,3789,1.0,,0.0,0.0,1.0,ASSUMPTION_DRIVEN_SIMULATION_ONLY
v2_angle,stainless_steel,oil_film,3575,0.6690909090909091,,0.33034965034965036,0.0005594405594405594,0.9994405594405594,ASSUMPTION_DRIVEN_SIMULATION_ONLY
v2_angle,stainless_steel,particles,1787,0.07554560716284275,,0.9244543928371572,0.0,1.0,ASSUMPTION_DRIVEN_SIMULATION_ONLY
v2_angle,stainless_steel,primary_degenerate_film,3974,0.5498238550578762,,0.14720684448917967,0.3029693004529441,0.6970306995470559,ASSUMPTION_DRIVEN_SIMULATION_ONLY
v2_angle,stainless_steel,protein_smear,3145,0.059777424483306835,,0.9402225755166932,0.0,1.0,ASSUMPTION_DRIVEN_SIMULATION_ONLY
v2_angle,stainless_steel,water_film,3805,0.18396846254927726,,0.1645203679369251,0.6515111695137976,0.3484888304862024,ASSUMPTION_DRIVEN_SIMULATION_ONLY
v2_combined,glass,clean,6144,,0.9650065104166666,0.0,0.034993489583333336,0.9650065104166666,ASSUMPTION_DRIVEN_SIMULATION_ONLY
v2_combined,glass,detergent_crystals,1917,0.07668231611893583,,0.9212310902451748,0.0020865936358894104,0.9979134063641106,ASSUMPTION_DRIVEN_SIMULATION_ONLY
v2_combined,glass,matched_invisible,3490,0.9707736389684813,,0.0,0.029226361031518624,0.9707736389684813,ASSUMPTION_DRIVEN_SIMULATION_ONLY
v2_combined,glass,oil_film,3719,0.04571121269158376,,0.9529443398763109,0.0013444474321054048,0.9986555525678946,ASSUMPTION_DRIVEN_SIMULATION_ONLY
v2_combined,glass,particles,1649,0.09157064887810794,,0.9066100667070952,0.0018192844147968466,0.9981807155852032,ASSUMPTION_DRIVEN_SIMULATION_ONLY
v2_combined,glass,primary_degenerate_film,3797,0.05715038188043192,,0.9415327890439821,0.001316829075585989,0.998683170924414,ASSUMPTION_DRIVEN_SIMULATION_ONLY
v2_combined,glass,protein_smear,2871,0.04040404040404041,,0.9578544061302682,0.0017415534656913968,0.9982584465343086,ASSUMPTION_DRIVEN_SIMULATION_ONLY
v2_combined,glass,water_film,3790,0.05197889182058048,,0.9469656992084433,0.0010554089709762533,0.9989445910290238,ASSUMPTION_DRIVEN_SIMULATION_ONLY
v2_combined,glazed_ceramic,clean,6144,,0.9666341145833334,0.0,0.033365885416666664,0.9666341145833334,ASSUMPTION_DRIVEN_SIMULATION_ONLY
v2_combined,glazed_ceramic,detergent_crystals,2053,0.08183146614710181,,0.9167072576716999,0.0014612761811982464,0.9985387238188017,ASSUMPTION_DRIVEN_SIMULATION_ONLY
v2_combined,glazed_ceramic,matched_invisible,3522,0.9628052243043725,,0.0,0.037194775695627486,0.9628052243043725,ASSUMPTION_DRIVEN_SIMULATION_ONLY
v2_combined,glazed_ceramic,oil_film,3582,0.051926298157453935,,0.9477945281965382,0.00027917364600781687,0.9997208263539922,ASSUMPTION_DRIVEN_SIMULATION_ONLY
v2_combined,glazed_ceramic,particles,1685,0.07952522255192879,,0.9192878338278931,0.0011869436201780415,0.998813056379822,ASSUMPTION_DRIVEN_SIMULATION_ONLY
v2_combined,glazed_ceramic,primary_degenerate_film,3844,0.04708636836628512,,0.9516129032258065,0.0013007284079084287,0.9986992715920916,ASSUMPTION_DRIVEN_SIMULATION_ONLY
v2_combined,glazed_ceramic,protein_smear,3165,0.03475513428120063,,0.9642969984202212,0.0009478672985781991,0.9990521327014218,ASSUMPTION_DRIVEN_SIMULATION_ONLY
v2_combined,glazed_ceramic,water_film,3642,0.04420647995606809,,0.9538714991762768,0.0019220208676551346,0.9980779791323449,ASSUMPTION_DRIVEN_SIMULATION_ONLY
v2_combined,hdpe,clean,6144,,0.9632161458333334,0.0,0.036783854166666664,0.9632161458333334,ASSUMPTION_DRIVEN_SIMULATION_ONLY
v2_combined,hdpe,detergent_crystals,1856,0.06896551724137931,,0.9294181034482759,0.0016163793103448276,0.9983836206896551,ASSUMPTION_DRIVEN_SIMULATION_ONLY
v2_combined,hdpe,matched_invisible,3553,0.9653813678581481,,0.0,0.03461863214185196,0.965381367858148,ASSUMPTION_DRIVEN_SIMULATION_ONLY
v2_combined,hdpe,oil_film,3811,0.039359748097612175,,0.9595906586197849,0.0010495932826029913,0.998950406717397,ASSUMPTION_DRIVEN_SIMULATION_ONLY
v2_combined,hdpe,particles,1598,0.07634543178973717,,0.9211514392991239,0.0025031289111389237,0.9974968710888611,ASSUMPTION_DRIVEN_SIMULATION_ONLY
v2_combined,hdpe,primary_degenerate_film,3619,0.06631666206134292,,0.9328543796628903,0.0008289582757667864,0.9991710417242332,ASSUMPTION_DRIVEN_SIMULATION_ONLY
v2_combined,hdpe,protein_smear,3071,0.047215890589384565,,0.9514816020840117,0.0013025073266037122,0.9986974926733962,ASSUMPTION_DRIVEN_SIMULATION_ONLY
v2_combined,hdpe,water_film,3601,0.05665093029713968,,0.9400166620383227,0.0033324076645376284,0.9966675923354624,ASSUMPTION_DRIVEN_SIMULATION_ONLY
v2_combined,stainless_steel,clean,6144,,0.96435546875,0.0,0.03564453125,0.96435546875,ASSUMPTION_DRIVEN_SIMULATION_ONLY
v2_combined,stainless_steel,detergent_crystals,1875,0.0656,,0.9312,0.0032,0.9968,ASSUMPTION_DRIVEN_SIMULATION_ONLY
v2_combined,stainless_steel,matched_invisible,3789,0.9633148588017947,,0.0,0.03668514119820533,0.9633148588017947,ASSUMPTION_DRIVEN_SIMULATION_ONLY
v2_combined,stainless_steel,oil_film,3575,0.045034965034965034,,0.9544055944055944,0.0005594405594405594,0.9994405594405594,ASSUMPTION_DRIVEN_SIMULATION_ONLY
v2_combined,stainless_steel,particles,1787,0.07218802462227196,,0.9244543928371572,0.003357582540570789,0.9966424174594292,ASSUMPTION_DRIVEN_SIMULATION_ONLY
v2_combined,stainless_steel,primary_degenerate_film,3974,0.05636638147961751,,0.941620533467539,0.0020130850528434826,0.9979869149471565,ASSUMPTION_DRIVEN_SIMULATION_ONLY
v2_combined,stainless_steel,protein_smear,3145,0.05659777424483307,,0.9402225755166932,0.003179650238473768,0.9968203497615262,ASSUMPTION_DRIVEN_SIMULATION_ONLY
v2_combined,stainless_steel,water_film,3805,0.06176084099868594,,0.9371879106438896,0.0010512483574244415,0.9989487516425756,ASSUMPTION_DRIVEN_SIMULATION_ONLY
v2_polarization,glass,clean,6144,,1.0,0.0,0.0,1.0,ASSUMPTION_DRIVEN_SIMULATION_ONLY
v2_polarization,glass,detergent_crystals,1917,0.07876890975482524,,0.9212310902451748,0.0,1.0,ASSUMPTION_DRIVEN_SIMULATION_ONLY
v2_polarization,glass,matched_invisible,3490,1.0,,0.0,0.0,1.0,ASSUMPTION_DRIVEN_SIMULATION_ONLY
v2_polarization,glass,oil_film,3719,0.04705566012368916,,0.9526754503898898,0.00026888948642108095,0.9997311105135789,ASSUMPTION_DRIVEN_SIMULATION_ONLY
v2_polarization,glass,particles,1649,0.09338993329290479,,0.9066100667070952,0.0,1.0,ASSUMPTION_DRIVEN_SIMULATION_ONLY
v2_polarization,glass,primary_degenerate_film,3797,0.05846721095601791,,0.9415327890439821,0.0,1.0,ASSUMPTION_DRIVEN_SIMULATION_ONLY
v2_polarization,glass,protein_smear,2871,0.0421455938697318,,0.9578544061302682,0.0,1.0,ASSUMPTION_DRIVEN_SIMULATION_ONLY
v2_polarization,glass,water_film,3790,0.05303430079155673,,0.9469656992084433,0.0,1.0,ASSUMPTION_DRIVEN_SIMULATION_ONLY
v2_polarization,glazed_ceramic,clean,6144,,1.0,0.0,0.0,1.0,ASSUMPTION_DRIVEN_SIMULATION_ONLY
v2_polarization,glazed_ceramic,detergent_crystals,2053,0.08329274232830004,,0.9167072576716999,0.0,1.0,ASSUMPTION_DRIVEN_SIMULATION_ONLY
v2_polarization,glazed_ceramic,matched_invisible,3522,1.0,,0.0,0.0,1.0,ASSUMPTION_DRIVEN_SIMULATION_ONLY
v2_polarization,glazed_ceramic,oil_film,3582,0.05220547180346175,,0.9477945281965382,0.0,1.0,ASSUMPTION_DRIVEN_SIMULATION_ONLY
v2_polarization,glazed_ceramic,particles,1685,0.08071216617210683,,0.9192878338278931,0.0,1.0,ASSUMPTION_DRIVEN_SIMULATION_ONLY
v2_polarization,glazed_ceramic,primary_degenerate_film,3844,0.04838709677419355,,0.9516129032258065,0.0,1.0,ASSUMPTION_DRIVEN_SIMULATION_ONLY
v2_polarization,glazed_ceramic,protein_smear,3165,0.035703001579778834,,0.9642969984202212,0.0,1.0,ASSUMPTION_DRIVEN_SIMULATION_ONLY
v2_polarization,glazed_ceramic,water_film,3642,0.04612850082372323,,0.9203734211971444,0.033498077979132346,0.9665019220208677,ASSUMPTION_DRIVEN_SIMULATION_ONLY
v2_polarization,hdpe,clean,6144,,1.0,0.0,0.0,1.0,ASSUMPTION_DRIVEN_SIMULATION_ONLY
v2_polarization,hdpe,detergent_crystals,1856,0.07058189655172414,,0.9294181034482759,0.0,1.0,ASSUMPTION_DRIVEN_SIMULATION_ONLY
v2_polarization,hdpe,matched_invisible,3553,1.0,,0.0,0.0,1.0,ASSUMPTION_DRIVEN_SIMULATION_ONLY
v2_polarization,hdpe,oil_film,3811,0.040409341380215166,,0.9595906586197849,0.0,1.0,ASSUMPTION_DRIVEN_SIMULATION_ONLY
v2_polarization,hdpe,particles,1598,0.07884856070087609,,0.9211514392991239,0.0,1.0,ASSUMPTION_DRIVEN_SIMULATION_ONLY
v2_polarization,hdpe,primary_degenerate_film,3619,0.0671456203371097,,0.9328543796628903,0.0,1.0,ASSUMPTION_DRIVEN_SIMULATION_ONLY
v2_polarization,hdpe,protein_smear,3071,0.048518397915988276,,0.9514816020840117,0.0,1.0,ASSUMPTION_DRIVEN_SIMULATION_ONLY
v2_polarization,hdpe,water_film,3601,0.05998333796167731,,0.9400166620383227,0.0,1.0,ASSUMPTION_DRIVEN_SIMULATION_ONLY
v2_polarization,stainless_steel,clean,6144,,1.0,0.0,0.0,1.0,ASSUMPTION_DRIVEN_SIMULATION_ONLY
v2_polarization,stainless_steel,detergent_crystals,1875,0.0688,,0.9312,0.0,1.0,ASSUMPTION_DRIVEN_SIMULATION_ONLY
v2_polarization,stainless_steel,matched_invisible,3789,1.0,,0.0,0.0,1.0,ASSUMPTION_DRIVEN_SIMULATION_ONLY
v2_polarization,stainless_steel,oil_film,3575,0.33958041958041957,,0.521958041958042,0.13846153846153847,0.8615384615384616,ASSUMPTION_DRIVEN_SIMULATION_ONLY
v2_polarization,stainless_steel,particles,1787,0.07554560716284275,,0.9244543928371572,0.0,1.0,ASSUMPTION_DRIVEN_SIMULATION_ONLY
v2_polarization,stainless_steel,primary_degenerate_film,3974,0.3699043784599899,,0.45923502767991947,0.1708605938600906,0.8291394061399094,ASSUMPTION_DRIVEN_SIMULATION_ONLY
v2_polarization,stainless_steel,protein_smear,3145,0.059777424483306835,,0.9402225755166932,0.0,1.0,ASSUMPTION_DRIVEN_SIMULATION_ONLY
v2_polarization,stainless_steel,water_film,3805,0.06281208935611038,,0.8696452036793693,0.06754270696452037,0.9324572930354796,ASSUMPTION_DRIVEN_SIMULATION_ONLY
v2_wavelength,glass,clean,6144,,0.9998372395833334,0.0,0.00016276041666666666,0.9998372395833334,ASSUMPTION_DRIVEN_SIMULATION_ONLY
v2_wavelength,glass,detergent_crystals,1917,0.07876890975482524,,0.9212310902451748,0.0,1.0,ASSUMPTION_DRIVEN_SIMULATION_ONLY
v2_wavelength,glass,matched_invisible,3490,0.9994269340974212,,0.0,0.0005730659025787965,0.9994269340974212,ASSUMPTION_DRIVEN_SIMULATION_ONLY
v2_wavelength,glass,oil_film,3719,0.04705566012368916,,0.617908039795644,0.33503630008066687,0.6649636999193331,ASSUMPTION_DRIVEN_SIMULATION_ONLY
v2_wavelength,glass,particles,1649,0.09338993329290479,,0.9066100667070952,0.0,1.0,ASSUMPTION_DRIVEN_SIMULATION_ONLY
v2_wavelength,glass,primary_degenerate_film,3797,0.05846721095601791,,0.9415327890439821,0.0,1.0,ASSUMPTION_DRIVEN_SIMULATION_ONLY
v2_wavelength,glass,protein_smear,2871,0.04179728317659352,,0.6642284918146987,0.2939742250087078,0.7060257749912922,ASSUMPTION_DRIVEN_SIMULATION_ONLY
v2_wavelength,glass,water_film,3790,0.05303430079155673,,0.9469656992084433,0.0,1.0,ASSUMPTION_DRIVEN_SIMULATION_ONLY
v2_wavelength,glazed_ceramic,clean,6144,,0.9996744791666666,0.0,0.0003255208333333333,0.9996744791666666,ASSUMPTION_DRIVEN_SIMULATION_ONLY
v2_wavelength,glazed_ceramic,detergent_crystals,2053,0.08329274232830004,,0.9167072576716999,0.0,1.0,ASSUMPTION_DRIVEN_SIMULATION_ONLY
v2_wavelength,glazed_ceramic,matched_invisible,3522,0.9994321408290744,,0.0,0.0005678591709256105,0.9994321408290744,ASSUMPTION_DRIVEN_SIMULATION_ONLY
v2_wavelength,glazed_ceramic,oil_film,3582,0.05220547180346175,,0.9477945281965382,0.0,1.0,ASSUMPTION_DRIVEN_SIMULATION_ONLY
v2_wavelength,glazed_ceramic,particles,1685,0.08071216617210683,,0.9192878338278931,0.0,1.0,ASSUMPTION_DRIVEN_SIMULATION_ONLY
v2_wavelength,glazed_ceramic,primary_degenerate_film,3844,0.04838709677419355,,0.9516129032258065,0.0,1.0,ASSUMPTION_DRIVEN_SIMULATION_ONLY
v2_wavelength,glazed_ceramic,protein_smear,3165,0.035703001579778834,,0.7488151658767772,0.2154818325434439,0.7845181674565561,ASSUMPTION_DRIVEN_SIMULATION_ONLY
v2_wavelength,glazed_ceramic,water_film,3642,0.04612850082372323,,0.9538714991762768,0.0,1.0,ASSUMPTION_DRIVEN_SIMULATION_ONLY
v2_wavelength,hdpe,clean,6144,,0.9996744791666666,0.0,0.0003255208333333333,0.9996744791666666,ASSUMPTION_DRIVEN_SIMULATION_ONLY
v2_wavelength,hdpe,detergent_crystals,1856,0.07058189655172414,,0.9294181034482759,0.0,1.0,ASSUMPTION_DRIVEN_SIMULATION_ONLY
v2_wavelength,hdpe,matched_invisible,3553,0.9991556431184914,,0.0,0.0008443568815085843,0.9991556431184914,ASSUMPTION_DRIVEN_SIMULATION_ONLY
v2_wavelength,hdpe,oil_film,3811,0.1855156127000787,,0.16793492521647863,0.6465494620834427,0.35345053791655734,ASSUMPTION_DRIVEN_SIMULATION_ONLY
v2_wavelength,hdpe,particles,1598,0.07884856070087609,,0.9211514392991239,0.0,1.0,ASSUMPTION_DRIVEN_SIMULATION_ONLY
v2_wavelength,hdpe,primary_degenerate_film,3619,0.0671456203371097,,0.9328543796628903,0.0,1.0,ASSUMPTION_DRIVEN_SIMULATION_ONLY
v2_wavelength,hdpe,protein_smear,3071,0.048518397915988276,,0.8104851839791599,0.14099641810485183,0.8590035818951481,ASSUMPTION_DRIVEN_SIMULATION_ONLY
v2_wavelength,hdpe,water_film,3601,0.05998333796167731,,0.9400166620383227,0.0,1.0,ASSUMPTION_DRIVEN_SIMULATION_ONLY
v2_wavelength,stainless_steel,clean,6144,,0.9996744791666666,0.0,0.0003255208333333333,0.9996744791666666,ASSUMPTION_DRIVEN_SIMULATION_ONLY
v2_wavelength,stainless_steel,detergent_crystals,1875,0.0688,,0.9312,0.0,1.0,ASSUMPTION_DRIVEN_SIMULATION_ONLY
v2_wavelength,stainless_steel,matched_invisible,3789,0.9997360781208762,,0.0,0.0002639218791237794,0.9997360781208762,ASSUMPTION_DRIVEN_SIMULATION_ONLY
v2_wavelength,stainless_steel,oil_film,3575,0.11552447552447552,,0.8120279720279721,0.07244755244755245,0.9275524475524476,ASSUMPTION_DRIVEN_SIMULATION_ONLY
v2_wavelength,stainless_steel,particles,1787,0.07554560716284275,,0.9244543928371572,0.0,1.0,ASSUMPTION_DRIVEN_SIMULATION_ONLY
v2_wavelength,stainless_steel,primary_degenerate_film,3974,0.20457976849521892,,0.6414192249622547,0.1540010065425264,0.8459989934574736,ASSUMPTION_DRIVEN_SIMULATION_ONLY
v2_wavelength,stainless_steel,protein_smear,3145,0.059777424483306835,,0.9402225755166932,0.0,1.0,ASSUMPTION_DRIVEN_SIMULATION_ONLY
v2_wavelength,stainless_steel,water_film,3805,0.06281208935611038,,0.9371879106438896,0.0,1.0,ASSUMPTION_DRIVEN_SIMULATION_ONLY
