case_id,failure_mode_class,synthetic_ground_truth,observation_configuration,expected_behavior,actual_behavior,false_clean_indicator,false_clean_rate,flag_rate,unknown_rate,usable_coverage,runtime_seconds,nuisance_seed,nuisance_parameters,notes
dirty_reference-00-v0_single_reference,dirty_reference,sample q=1.2 and reference q=1.2; contaminated by construction,primary state; one reference; 48 reference + 48 sample frames,FLAG,PASS,True,1.0,0.0,0.0,1.0,0.001344800002698321,20260920,"scene gain U(0.85,1.15); random phase; declared bounded noise; failure-specific reference/gain/geometry state",Relative comparison is unidentifiable when reference and sample share the change; consensus adds an external majority-clean anchor assumption.
dirty_reference-00-E1_gain_guard,dirty_reference,sample q=1.2 and reference q=1.2; contaminated by construction,primary state; one reference; bounded absolute gain ratio,FLAG,PASS,True,1.0,0.0,0.0,1.0,0.008333000001584878,20260920,"scene gain U(0.85,1.15); random phase; declared bounded noise; failure-specific reference/gain/geometry state",Relative comparison is unidentifiable when reference and sample share the change; consensus adds an external majority-clean anchor assumption.
dirty_reference-00-E2_reference_consensus,dirty_reference,sample q=1.2 and reference q=1.2; contaminated by construction,primary state; three references; majority self-consistency,FLAG,FLAG,False,0.0,1.0,0.0,1.0,0.003345699999044882,20260920,"scene gain U(0.85,1.15); random phase; declared bounded noise; failure-specific reference/gain/geometry state",Relative comparison is unidentifiable when reference and sample share the change; consensus adds an external majority-clean anchor assumption.
dirty_reference-00-E3_controlled_geometry,dirty_reference,sample q=1.2 and reference q=1.2; contaminated by construction,primary plus registered high-SNR geometry state; one reference each,FLAG,PASS,True,1.0,0.0,0.0,1.0,0.001781699997081887,20260920,"scene gain U(0.85,1.15); random phase; declared bounded noise; failure-specific reference/gain/geometry state",Relative comparison is unidentifiable when reference and sample share the change; consensus adds an external majority-clean anchor assumption.
dirty_reference-00-E4_secondary_optical_hypothesis,dirty_reference,sample q=1.2 and reference q=1.2; contaminated by construction,primary plus hypothetical residue-sensitive optical state,FLAG,PASS,True,1.0,0.0,0.0,1.0,0.002096600001095794,20260920,"scene gain U(0.85,1.15); random phase; declared bounded noise; failure-specific reference/gain/geometry state",Relative comparison is unidentifiable when reference and sample share the change; consensus adds an external majority-clean anchor assumption.
dirty_reference-00-v1_retained,dirty_reference,sample q=1.2 and reference q=1.2; contaminated by construction,three-reference consensus and gain guard in primary + registered high-SNR state,FLAG,FLAG,False,0.0,1.0,0.0,1.0,0.006370099999912782,20260920,"scene gain U(0.85,1.15); random phase; declared bounded noise; failure-specific reference/gain/geometry state",Relative comparison is unidentifiable when reference and sample share the change; consensus adds an external majority-clean anchor assumption.
dirty_reference-01-v0_single_reference,dirty_reference,sample q=1.2 and reference q=1.2; contaminated by construction,primary state; one reference; 48 reference + 48 sample frames,FLAG,PASS,True,1.0,0.0,0.0,1.0,0.0011028999979316723,20260921,"scene gain U(0.85,1.15); random phase; declared bounded noise; failure-specific reference/gain/geometry state",Relative comparison is unidentifiable when reference and sample share the change; consensus adds an external majority-clean anchor assumption.
dirty_reference-01-E1_gain_guard,dirty_reference,sample q=1.2 and reference q=1.2; contaminated by construction,primary state; one reference; bounded absolute gain ratio,FLAG,PASS,True,1.0,0.0,0.0,1.0,0.001323299999057781,20260921,"scene gain U(0.85,1.15); random phase; declared bounded noise; failure-specific reference/gain/geometry state",Relative comparison is unidentifiable when reference and sample share the change; consensus adds an external majority-clean anchor assumption.
dirty_reference-01-E2_reference_consensus,dirty_reference,sample q=1.2 and reference q=1.2; contaminated by construction,primary state; three references; majority self-consistency,FLAG,FLAG,False,0.0,1.0,0.0,1.0,0.003232199997000862,20260921,"scene gain U(0.85,1.15); random phase; declared bounded noise; failure-specific reference/gain/geometry state",Relative comparison is unidentifiable when reference and sample share the change; consensus adds an external majority-clean anchor assumption.
dirty_reference-01-E3_controlled_geometry,dirty_reference,sample q=1.2 and reference q=1.2; contaminated by construction,primary plus registered high-SNR geometry state; one reference each,FLAG,PASS,True,1.0,0.0,0.0,1.0,0.0018156000005546957,20260921,"scene gain U(0.85,1.15); random phase; declared bounded noise; failure-specific reference/gain/geometry state",Relative comparison is unidentifiable when reference and sample share the change; consensus adds an external majority-clean anchor assumption.
dirty_reference-01-E4_secondary_optical_hypothesis,dirty_reference,sample q=1.2 and reference q=1.2; contaminated by construction,primary plus hypothetical residue-sensitive optical state,FLAG,PASS,True,1.0,0.0,0.0,1.0,0.0018353999985265546,20260921,"scene gain U(0.85,1.15); random phase; declared bounded noise; failure-specific reference/gain/geometry state",Relative comparison is unidentifiable when reference and sample share the change; consensus adds an external majority-clean anchor assumption.
dirty_reference-01-v1_retained,dirty_reference,sample q=1.2 and reference q=1.2; contaminated by construction,three-reference consensus and gain guard in primary + registered high-SNR state,FLAG,FLAG,False,0.0,1.0,0.0,1.0,0.006667599998763762,20260921,"scene gain U(0.85,1.15); random phase; declared bounded noise; failure-specific reference/gain/geometry state",Relative comparison is unidentifiable when reference and sample share the change; consensus adds an external majority-clean anchor assumption.
dirty_reference-02-v0_single_reference,dirty_reference,sample q=1.2 and reference q=1.2; contaminated by construction,primary state; one reference; 48 reference + 48 sample frames,FLAG,PASS,True,1.0,0.0,0.0,1.0,0.001153699999122182,20260922,"scene gain U(0.85,1.15); random phase; declared bounded noise; failure-specific reference/gain/geometry state",Relative comparison is unidentifiable when reference and sample share the change; consensus adds an external majority-clean anchor assumption.
dirty_reference-02-E1_gain_guard,dirty_reference,sample q=1.2 and reference q=1.2; contaminated by construction,primary state; one reference; bounded absolute gain ratio,FLAG,PASS,True,1.0,0.0,0.0,1.0,0.001321200001257239,20260922,"scene gain U(0.85,1.15); random phase; declared bounded noise; failure-specific reference/gain/geometry state",Relative comparison is unidentifiable when reference and sample share the change; consensus adds an external majority-clean anchor assumption.
dirty_reference-02-E2_reference_consensus,dirty_reference,sample q=1.2 and reference q=1.2; contaminated by construction,primary state; three references; majority self-consistency,FLAG,FLAG,False,0.0,1.0,0.0,1.0,0.003338499998790212,20260922,"scene gain U(0.85,1.15); random phase; declared bounded noise; failure-specific reference/gain/geometry state",Relative comparison is unidentifiable when reference and sample share the change; consensus adds an external majority-clean anchor assumption.
dirty_reference-02-E3_controlled_geometry,dirty_reference,sample q=1.2 and reference q=1.2; contaminated by construction,primary plus registered high-SNR geometry state; one reference each,FLAG,PASS,True,1.0,0.0,0.0,1.0,0.001912899999297224,20260922,"scene gain U(0.85,1.15); random phase; declared bounded noise; failure-specific reference/gain/geometry state",Relative comparison is unidentifiable when reference and sample share the change; consensus adds an external majority-clean anchor assumption.
dirty_reference-02-E4_secondary_optical_hypothesis,dirty_reference,sample q=1.2 and reference q=1.2; contaminated by construction,primary plus hypothetical residue-sensitive optical state,FLAG,PASS,True,1.0,0.0,0.0,1.0,0.0017621000006329268,20260922,"scene gain U(0.85,1.15); random phase; declared bounded noise; failure-specific reference/gain/geometry state",Relative comparison is unidentifiable when reference and sample share the change; consensus adds an external majority-clean anchor assumption.
dirty_reference-02-v1_retained,dirty_reference,sample q=1.2 and reference q=1.2; contaminated by construction,three-reference consensus and gain guard in primary + registered high-SNR state,FLAG,FLAG,False,0.0,1.0,0.0,1.0,0.006674500000372063,20260922,"scene gain U(0.85,1.15); random phase; declared bounded noise; failure-specific reference/gain/geometry state",Relative comparison is unidentifiable when reference and sample share the change; consensus adds an external majority-clean anchor assumption.
dirty_reference-03-v0_single_reference,dirty_reference,sample q=1.2 and reference q=1.2; contaminated by construction,primary state; one reference; 48 reference + 48 sample frames,FLAG,PASS,True,1.0,0.0,0.0,1.0,0.0011547000030986965,20260923,"scene gain U(0.85,1.15); random phase; declared bounded noise; failure-specific reference/gain/geometry state",Relative comparison is unidentifiable when reference and sample share the change; consensus adds an external majority-clean anchor assumption.
dirty_reference-03-E1_gain_guard,dirty_reference,sample q=1.2 and reference q=1.2; contaminated by construction,primary state; one reference; bounded absolute gain ratio,FLAG,PASS,True,1.0,0.0,0.0,1.0,0.0013042999999015592,20260923,"scene gain U(0.85,1.15); random phase; declared bounded noise; failure-specific reference/gain/geometry state",Relative comparison is unidentifiable when reference and sample share the change; consensus adds an external majority-clean anchor assumption.
dirty_reference-03-E2_reference_consensus,dirty_reference,sample q=1.2 and reference q=1.2; contaminated by construction,primary state; three references; majority self-consistency,FLAG,FLAG,False,0.0,1.0,0.0,1.0,0.0030023999970580917,20260923,"scene gain U(0.85,1.15); random phase; declared bounded noise; failure-specific reference/gain/geometry state",Relative comparison is unidentifiable when reference and sample share the change; consensus adds an external majority-clean anchor assumption.
dirty_reference-03-E3_controlled_geometry,dirty_reference,sample q=1.2 and reference q=1.2; contaminated by construction,primary plus registered high-SNR geometry state; one reference each,FLAG,PASS,True,1.0,0.0,0.0,1.0,0.002036899997619912,20260923,"scene gain U(0.85,1.15); random phase; declared bounded noise; failure-specific reference/gain/geometry state",Relative comparison is unidentifiable when reference and sample share the change; consensus adds an external majority-clean anchor assumption.
dirty_reference-03-E4_secondary_optical_hypothesis,dirty_reference,sample q=1.2 and reference q=1.2; contaminated by construction,primary plus hypothetical residue-sensitive optical state,FLAG,PASS,True,1.0,0.0,0.0,1.0,0.0018815000003087334,20260923,"scene gain U(0.85,1.15); random phase; declared bounded noise; failure-specific reference/gain/geometry state",Relative comparison is unidentifiable when reference and sample share the change; consensus adds an external majority-clean anchor assumption.
dirty_reference-03-v1_retained,dirty_reference,sample q=1.2 and reference q=1.2; contaminated by construction,three-reference consensus and gain guard in primary + registered high-SNR state,FLAG,FLAG,False,0.0,1.0,0.0,1.0,0.00676720000046771,20260923,"scene gain U(0.85,1.15); random phase; declared bounded noise; failure-specific reference/gain/geometry state",Relative comparison is unidentifiable when reference and sample share the change; consensus adds an external majority-clean anchor assumption.
dirty_reference-04-v0_single_reference,dirty_reference,sample q=1.2 and reference q=1.2; contaminated by construction,primary state; one reference; 48 reference + 48 sample frames,FLAG,PASS,True,1.0,0.0,0.0,1.0,0.001333399999566609,20260924,"scene gain U(0.85,1.15); random phase; declared bounded noise; failure-specific reference/gain/geometry state",Relative comparison is unidentifiable when reference and sample share the change; consensus adds an external majority-clean anchor assumption.
dirty_reference-04-E1_gain_guard,dirty_reference,sample q=1.2 and reference q=1.2; contaminated by construction,primary state; one reference; bounded absolute gain ratio,FLAG,PASS,True,1.0,0.0,0.0,1.0,0.0014848999999230728,20260924,"scene gain U(0.85,1.15); random phase; declared bounded noise; failure-specific reference/gain/geometry state",Relative comparison is unidentifiable when reference and sample share the change; consensus adds an external majority-clean anchor assumption.
dirty_reference-04-E2_reference_consensus,dirty_reference,sample q=1.2 and reference q=1.2; contaminated by construction,primary state; three references; majority self-consistency,FLAG,FLAG,False,0.0,1.0,0.0,1.0,0.003020300002390286,20260924,"scene gain U(0.85,1.15); random phase; declared bounded noise; failure-specific reference/gain/geometry state",Relative comparison is unidentifiable when reference and sample share the change; consensus adds an external majority-clean anchor assumption.
dirty_reference-04-E3_controlled_geometry,dirty_reference,sample q=1.2 and reference q=1.2; contaminated by construction,primary plus registered high-SNR geometry state; one reference each,FLAG,PASS,True,1.0,0.0,0.0,1.0,0.0018108000003849156,20260924,"scene gain U(0.85,1.15); random phase; declared bounded noise; failure-specific reference/gain/geometry state",Relative comparison is unidentifiable when reference and sample share the change; consensus adds an external majority-clean anchor assumption.
dirty_reference-04-E4_secondary_optical_hypothesis,dirty_reference,sample q=1.2 and reference q=1.2; contaminated by construction,primary plus hypothetical residue-sensitive optical state,FLAG,PASS,True,1.0,0.0,0.0,1.0,0.002040399998804787,20260924,"scene gain U(0.85,1.15); random phase; declared bounded noise; failure-specific reference/gain/geometry state",Relative comparison is unidentifiable when reference and sample share the change; consensus adds an external majority-clean anchor assumption.
dirty_reference-04-v1_retained,dirty_reference,sample q=1.2 and reference q=1.2; contaminated by construction,three-reference consensus and gain guard in primary + registered high-SNR state,FLAG,FLAG,False,0.0,1.0,0.0,1.0,0.006591800000023795,20260924,"scene gain U(0.85,1.15); random phase; declared bounded noise; failure-specific reference/gain/geometry state",Relative comparison is unidentifiable when reference and sample share the change; consensus adds an external majority-clean anchor assumption.
dirty_reference-05-v0_single_reference,dirty_reference,sample q=1.2 and reference q=1.2; contaminated by construction,primary state; one reference; 48 reference + 48 sample frames,FLAG,PASS,True,1.0,0.0,0.0,1.0,0.001253099999303231,20260925,"scene gain U(0.85,1.15); random phase; declared bounded noise; failure-specific reference/gain/geometry state",Relative comparison is unidentifiable when reference and sample share the change; consensus adds an external majority-clean anchor assumption.
dirty_reference-05-E1_gain_guard,dirty_reference,sample q=1.2 and reference q=1.2; contaminated by construction,primary state; one reference; bounded absolute gain ratio,FLAG,PASS,True,1.0,0.0,0.0,1.0,0.0014986999995016959,20260925,"scene gain U(0.85,1.15); random phase; declared bounded noise; failure-specific reference/gain/geometry state",Relative comparison is unidentifiable when reference and sample share the change; consensus adds an external majority-clean anchor assumption.
dirty_reference-05-E2_reference_consensus,dirty_reference,sample q=1.2 and reference q=1.2; contaminated by construction,primary state; three references; majority self-consistency,FLAG,FLAG,False,0.0,1.0,0.0,1.0,0.003248099998018006,20260925,"scene gain U(0.85,1.15); random phase; declared bounded noise; failure-specific reference/gain/geometry state",Relative comparison is unidentifiable when reference and sample share the change; consensus adds an external majority-clean anchor assumption.
dirty_reference-05-E3_controlled_geometry,dirty_reference,sample q=1.2 and reference q=1.2; contaminated by construction,primary plus registered high-SNR geometry state; one reference each,FLAG,PASS,True,1.0,0.0,0.0,1.0,0.0019635999997262843,20260925,"scene gain U(0.85,1.15); random phase; declared bounded noise; failure-specific reference/gain/geometry state",Relative comparison is unidentifiable when reference and sample share the change; consensus adds an external majority-clean anchor assumption.
dirty_reference-05-E4_secondary_optical_hypothesis,dirty_reference,sample q=1.2 and reference q=1.2; contaminated by construction,primary plus hypothetical residue-sensitive optical state,FLAG,PASS,True,1.0,0.0,0.0,1.0,0.0019993999994767364,20260925,"scene gain U(0.85,1.15); random phase; declared bounded noise; failure-specific reference/gain/geometry state",Relative comparison is unidentifiable when reference and sample share the change; consensus adds an external majority-clean anchor assumption.
dirty_reference-05-v1_retained,dirty_reference,sample q=1.2 and reference q=1.2; contaminated by construction,three-reference consensus and gain guard in primary + registered high-SNR state,FLAG,FLAG,False,0.0,1.0,0.0,1.0,0.006928800001333002,20260925,"scene gain U(0.85,1.15); random phase; declared bounded noise; failure-specific reference/gain/geometry state",Relative comparison is unidentifiable when reference and sample share the change; consensus adds an external majority-clean anchor assumption.
dirty_reference-06-v0_single_reference,dirty_reference,sample q=1.2 and reference q=1.2; contaminated by construction,primary state; one reference; 48 reference + 48 sample frames,FLAG,PASS,True,1.0,0.0,0.0,1.0,0.0010977000019920524,20260926,"scene gain U(0.85,1.15); random phase; declared bounded noise; failure-specific reference/gain/geometry state",Relative comparison is unidentifiable when reference and sample share the change; consensus adds an external majority-clean anchor assumption.
dirty_reference-06-E1_gain_guard,dirty_reference,sample q=1.2 and reference q=1.2; contaminated by construction,primary state; one reference; bounded absolute gain ratio,FLAG,PASS,True,1.0,0.0,0.0,1.0,0.0014370999997481704,20260926,"scene gain U(0.85,1.15); random phase; declared bounded noise; failure-specific reference/gain/geometry state",Relative comparison is unidentifiable when reference and sample share the change; consensus adds an external majority-clean anchor assumption.
dirty_reference-06-E2_reference_consensus,dirty_reference,sample q=1.2 and reference q=1.2; contaminated by construction,primary state; three references; majority self-consistency,FLAG,FLAG,False,0.0,1.0,0.0,1.0,0.0030760999979975168,20260926,"scene gain U(0.85,1.15); random phase; declared bounded noise; failure-specific reference/gain/geometry state",Relative comparison is unidentifiable when reference and sample share the change; consensus adds an external majority-clean anchor assumption.
dirty_reference-06-E3_controlled_geometry,dirty_reference,sample q=1.2 and reference q=1.2; contaminated by construction,primary plus registered high-SNR geometry state; one reference each,FLAG,PASS,True,1.0,0.0,0.0,1.0,0.00181460000021616,20260926,"scene gain U(0.85,1.15); random phase; declared bounded noise; failure-specific reference/gain/geometry state",Relative comparison is unidentifiable when reference and sample share the change; consensus adds an external majority-clean anchor assumption.
dirty_reference-06-E4_secondary_optical_hypothesis,dirty_reference,sample q=1.2 and reference q=1.2; contaminated by construction,primary plus hypothetical residue-sensitive optical state,FLAG,PASS,True,1.0,0.0,0.0,1.0,0.002396999996562954,20260926,"scene gain U(0.85,1.15); random phase; declared bounded noise; failure-specific reference/gain/geometry state",Relative comparison is unidentifiable when reference and sample share the change; consensus adds an external majority-clean anchor assumption.
dirty_reference-06-v1_retained,dirty_reference,sample q=1.2 and reference q=1.2; contaminated by construction,three-reference consensus and gain guard in primary + registered high-SNR state,FLAG,FLAG,False,0.0,1.0,0.0,1.0,0.006960599999729311,20260926,"scene gain U(0.85,1.15); random phase; declared bounded noise; failure-specific reference/gain/geometry state",Relative comparison is unidentifiable when reference and sample share the change; consensus adds an external majority-clean anchor assumption.
dirty_reference-07-v0_single_reference,dirty_reference,sample q=1.2 and reference q=1.2; contaminated by construction,primary state; one reference; 48 reference + 48 sample frames,FLAG,PASS,True,1.0,0.0,0.0,1.0,0.0011296000011498109,20260927,"scene gain U(0.85,1.15); random phase; declared bounded noise; failure-specific reference/gain/geometry state",Relative comparison is unidentifiable when reference and sample share the change; consensus adds an external majority-clean anchor assumption.
dirty_reference-07-E1_gain_guard,dirty_reference,sample q=1.2 and reference q=1.2; contaminated by construction,primary state; one reference; bounded absolute gain ratio,FLAG,PASS,True,1.0,0.0,0.0,1.0,0.0014098999999987427,20260927,"scene gain U(0.85,1.15); random phase; declared bounded noise; failure-specific reference/gain/geometry state",Relative comparison is unidentifiable when reference and sample share the change; consensus adds an external majority-clean anchor assumption.
dirty_reference-07-E2_reference_consensus,dirty_reference,sample q=1.2 and reference q=1.2; contaminated by construction,primary state; three references; majority self-consistency,FLAG,FLAG,False,0.0,1.0,0.0,1.0,0.003279099997598678,20260927,"scene gain U(0.85,1.15); random phase; declared bounded noise; failure-specific reference/gain/geometry state",Relative comparison is unidentifiable when reference and sample share the change; consensus adds an external majority-clean anchor assumption.
dirty_reference-07-E3_controlled_geometry,dirty_reference,sample q=1.2 and reference q=1.2; contaminated by construction,primary plus registered high-SNR geometry state; one reference each,FLAG,PASS,True,1.0,0.0,0.0,1.0,0.0018490000002202578,20260927,"scene gain U(0.85,1.15); random phase; declared bounded noise; failure-specific reference/gain/geometry state",Relative comparison is unidentifiable when reference and sample share the change; consensus adds an external majority-clean anchor assumption.
dirty_reference-07-E4_secondary_optical_hypothesis,dirty_reference,sample q=1.2 and reference q=1.2; contaminated by construction,primary plus hypothetical residue-sensitive optical state,FLAG,PASS,True,1.0,0.0,0.0,1.0,0.0018822999991243705,20260927,"scene gain U(0.85,1.15); random phase; declared bounded noise; failure-specific reference/gain/geometry state",Relative comparison is unidentifiable when reference and sample share the change; consensus adds an external majority-clean anchor assumption.
dirty_reference-07-v1_retained,dirty_reference,sample q=1.2 and reference q=1.2; contaminated by construction,three-reference consensus and gain guard in primary + registered high-SNR state,FLAG,FLAG,False,0.0,1.0,0.0,1.0,0.006638499999098713,20260927,"scene gain U(0.85,1.15); random phase; declared bounded noise; failure-specific reference/gain/geometry state",Relative comparison is unidentifiable when reference and sample share the change; consensus adds an external majority-clean anchor assumption.
uniform_absorber-00-v0_single_reference,uniform_absorber,frequency-independent 0.65 modulation attenuation; contaminated by construction,primary state; one reference; 48 reference + 48 sample frames,FLAG,PASS,True,1.0,0.0,0.0,1.0,0.0012007000004814472,20261020,"scene gain U(0.85,1.15); random phase; declared bounded noise; failure-specific reference/gain/geometry state",Frequency-independent attenuation is confounded with acquisition gain; the guard helps only under a calibrated gain-drift bound.
uniform_absorber-00-E1_gain_guard,uniform_absorber,frequency-independent 0.65 modulation attenuation; contaminated by construction,primary state; one reference; bounded absolute gain ratio,FLAG,FLAG,False,0.0,1.0,0.0,1.0,0.0013483000002452172,20261020,"scene gain U(0.85,1.15); random phase; declared bounded noise; failure-specific reference/gain/geometry state",Frequency-independent attenuation is confounded with acquisition gain; the guard helps only under a calibrated gain-drift bound.
uniform_absorber-00-E2_reference_consensus,uniform_absorber,frequency-independent 0.65 modulation attenuation; contaminated by construction,primary state; three references; majority self-consistency,FLAG,PASS,True,1.0,0.0,0.0,1.0,0.0043627999984892085,20261020,"scene gain U(0.85,1.15); random phase; declared bounded noise; failure-specific reference/gain/geometry state",Frequency-independent attenuation is confounded with acquisition gain; the guard helps only under a calibrated gain-drift bound.
uniform_absorber-00-E3_controlled_geometry,uniform_absorber,frequency-independent 0.65 modulation attenuation; contaminated by construction,primary plus registered high-SNR geometry state; one reference each,FLAG,PASS,True,1.0,0.0,0.0,1.0,0.0017955000002984889,20261020,"scene gain U(0.85,1.15); random phase; declared bounded noise; failure-specific reference/gain/geometry state",Frequency-independent attenuation is confounded with acquisition gain; the guard helps only under a calibrated gain-drift bound.
uniform_absorber-00-E4_secondary_optical_hypothesis,uniform_absorber,frequency-independent 0.65 modulation attenuation; contaminated by construction,primary plus hypothetical residue-sensitive optical state,FLAG,PASS,True,1.0,0.0,0.0,1.0,0.001781999999366235,20261020,"scene gain U(0.85,1.15); random phase; declared bounded noise; failure-specific reference/gain/geometry state",Frequency-independent attenuation is confounded with acquisition gain; the guard helps only under a calibrated gain-drift bound.
uniform_absorber-00-v1_retained,uniform_absorber,frequency-independent 0.65 modulation attenuation; contaminated by construction,three-reference consensus and gain guard in primary + registered high-SNR state,FLAG,FLAG,False,0.0,1.0,0.0,1.0,0.00945789999968838,20261020,"scene gain U(0.85,1.15); random phase; declared bounded noise; failure-specific reference/gain/geometry state",Frequency-independent attenuation is confounded with acquisition gain; the guard helps only under a calibrated gain-drift bound.
uniform_absorber-01-v0_single_reference,uniform_absorber,frequency-independent 0.65 modulation attenuation; contaminated by construction,primary state; one reference; 48 reference + 48 sample frames,FLAG,PASS,True,1.0,0.0,0.0,1.0,0.001108399999793619,20261021,"scene gain U(0.85,1.15); random phase; declared bounded noise; failure-specific reference/gain/geometry state",Frequency-independent attenuation is confounded with acquisition gain; the guard helps only under a calibrated gain-drift bound.
uniform_absorber-01-E1_gain_guard,uniform_absorber,frequency-independent 0.65 modulation attenuation; contaminated by construction,primary state; one reference; bounded absolute gain ratio,FLAG,FLAG,False,0.0,1.0,0.0,1.0,0.0014506000006804243,20261021,"scene gain U(0.85,1.15); random phase; declared bounded noise; failure-specific reference/gain/geometry state",Frequency-independent attenuation is confounded with acquisition gain; the guard helps only under a calibrated gain-drift bound.
uniform_absorber-01-E2_reference_consensus,uniform_absorber,frequency-independent 0.65 modulation attenuation; contaminated by construction,primary state; three references; majority self-consistency,FLAG,PASS,True,1.0,0.0,0.0,1.0,0.004022200002509635,20261021,"scene gain U(0.85,1.15); random phase; declared bounded noise; failure-specific reference/gain/geometry state",Frequency-independent attenuation is confounded with acquisition gain; the guard helps only under a calibrated gain-drift bound.
uniform_absorber-01-E3_controlled_geometry,uniform_absorber,frequency-independent 0.65 modulation attenuation; contaminated by construction,primary plus registered high-SNR geometry state; one reference each,FLAG,PASS,True,1.0,0.0,0.0,1.0,0.0017735000001266599,20261021,"scene gain U(0.85,1.15); random phase; declared bounded noise; failure-specific reference/gain/geometry state",Frequency-independent attenuation is confounded with acquisition gain; the guard helps only under a calibrated gain-drift bound.
uniform_absorber-01-E4_secondary_optical_hypothesis,uniform_absorber,frequency-independent 0.65 modulation attenuation; contaminated by construction,primary plus hypothetical residue-sensitive optical state,FLAG,PASS,True,1.0,0.0,0.0,1.0,0.001995600003283471,20261021,"scene gain U(0.85,1.15); random phase; declared bounded noise; failure-specific reference/gain/geometry state",Frequency-independent attenuation is confounded with acquisition gain; the guard helps only under a calibrated gain-drift bound.
uniform_absorber-01-v1_retained,uniform_absorber,frequency-independent 0.65 modulation attenuation; contaminated by construction,three-reference consensus and gain guard in primary + registered high-SNR state,FLAG,FLAG,False,0.0,1.0,0.0,1.0,0.008943100001488347,20261021,"scene gain U(0.85,1.15); random phase; declared bounded noise; failure-specific reference/gain/geometry state",Frequency-independent attenuation is confounded with acquisition gain; the guard helps only under a calibrated gain-drift bound.
uniform_absorber-02-v0_single_reference,uniform_absorber,frequency-independent 0.65 modulation attenuation; contaminated by construction,primary state; one reference; 48 reference + 48 sample frames,FLAG,PASS,True,1.0,0.0,0.0,1.0,0.0011320999983581714,20261022,"scene gain U(0.85,1.15); random phase; declared bounded noise; failure-specific reference/gain/geometry state",Frequency-independent attenuation is confounded with acquisition gain; the guard helps only under a calibrated gain-drift bound.
uniform_absorber-02-E1_gain_guard,uniform_absorber,frequency-independent 0.65 modulation attenuation; contaminated by construction,primary state; one reference; bounded absolute gain ratio,FLAG,FLAG,False,0.0,1.0,0.0,1.0,0.0013030000009166542,20261022,"scene gain U(0.85,1.15); random phase; declared bounded noise; failure-specific reference/gain/geometry state",Frequency-independent attenuation is confounded with acquisition gain; the guard helps only under a calibrated gain-drift bound.
uniform_absorber-02-E2_reference_consensus,uniform_absorber,frequency-independent 0.65 modulation attenuation; contaminated by construction,primary state; three references; majority self-consistency,FLAG,PASS,True,1.0,0.0,0.0,1.0,0.004050499999721069,20261022,"scene gain U(0.85,1.15); random phase; declared bounded noise; failure-specific reference/gain/geometry state",Frequency-independent attenuation is confounded with acquisition gain; the guard helps only under a calibrated gain-drift bound.
uniform_absorber-02-E3_controlled_geometry,uniform_absorber,frequency-independent 0.65 modulation attenuation; contaminated by construction,primary plus registered high-SNR geometry state; one reference each,FLAG,PASS,True,1.0,0.0,0.0,1.0,0.0018512999995436985,20261022,"scene gain U(0.85,1.15); random phase; declared bounded noise; failure-specific reference/gain/geometry state",Frequency-independent attenuation is confounded with acquisition gain; the guard helps only under a calibrated gain-drift bound.
uniform_absorber-02-E4_secondary_optical_hypothesis,uniform_absorber,frequency-independent 0.65 modulation attenuation; contaminated by construction,primary plus hypothetical residue-sensitive optical state,FLAG,PASS,True,1.0,0.0,0.0,1.0,0.0017810999997891486,20261022,"scene gain U(0.85,1.15); random phase; declared bounded noise; failure-specific reference/gain/geometry state",Frequency-independent attenuation is confounded with acquisition gain; the guard helps only under a calibrated gain-drift bound.
uniform_absorber-02-v1_retained,uniform_absorber,frequency-independent 0.65 modulation attenuation; contaminated by construction,three-reference consensus and gain guard in primary + registered high-SNR state,FLAG,FLAG,False,0.0,1.0,0.0,1.0,0.00846540000202367,20261022,"scene gain U(0.85,1.15); random phase; declared bounded noise; failure-specific reference/gain/geometry state",Frequency-independent attenuation is confounded with acquisition gain; the guard helps only under a calibrated gain-drift bound.
uniform_absorber-03-v0_single_reference,uniform_absorber,frequency-independent 0.65 modulation attenuation; contaminated by construction,primary state; one reference; 48 reference + 48 sample frames,FLAG,PASS,True,1.0,0.0,0.0,1.0,0.0012279000002308749,20261023,"scene gain U(0.85,1.15); random phase; declared bounded noise; failure-specific reference/gain/geometry state",Frequency-independent attenuation is confounded with acquisition gain; the guard helps only under a calibrated gain-drift bound.
uniform_absorber-03-E1_gain_guard,uniform_absorber,frequency-independent 0.65 modulation attenuation; contaminated by construction,primary state; one reference; bounded absolute gain ratio,FLAG,FLAG,False,0.0,1.0,0.0,1.0,0.001323100001172861,20261023,"scene gain U(0.85,1.15); random phase; declared bounded noise; failure-specific reference/gain/geometry state",Frequency-independent attenuation is confounded with acquisition gain; the guard helps only under a calibrated gain-drift bound.
uniform_absorber-03-E2_reference_consensus,uniform_absorber,frequency-independent 0.65 modulation attenuation; contaminated by construction,primary state; three references; majority self-consistency,FLAG,PASS,True,1.0,0.0,0.0,1.0,0.004154400001425529,20261023,"scene gain U(0.85,1.15); random phase; declared bounded noise; failure-specific reference/gain/geometry state",Frequency-independent attenuation is confounded with acquisition gain; the guard helps only under a calibrated gain-drift bound.
uniform_absorber-03-E3_controlled_geometry,uniform_absorber,frequency-independent 0.65 modulation attenuation; contaminated by construction,primary plus registered high-SNR geometry state; one reference each,FLAG,PASS,True,1.0,0.0,0.0,1.0,0.0017410999971616548,20261023,"scene gain U(0.85,1.15); random phase; declared bounded noise; failure-specific reference/gain/geometry state",Frequency-independent attenuation is confounded with acquisition gain; the guard helps only under a calibrated gain-drift bound.
uniform_absorber-03-E4_secondary_optical_hypothesis,uniform_absorber,frequency-independent 0.65 modulation attenuation; contaminated by construction,primary plus hypothetical residue-sensitive optical state,FLAG,PASS,True,1.0,0.0,0.0,1.0,0.001732500000798609,20261023,"scene gain U(0.85,1.15); random phase; declared bounded noise; failure-specific reference/gain/geometry state",Frequency-independent attenuation is confounded with acquisition gain; the guard helps only under a calibrated gain-drift bound.
uniform_absorber-03-v1_retained,uniform_absorber,frequency-independent 0.65 modulation attenuation; contaminated by construction,three-reference consensus and gain guard in primary + registered high-SNR state,FLAG,FLAG,False,0.0,1.0,0.0,1.0,0.008302099999127677,20261023,"scene gain U(0.85,1.15); random phase; declared bounded noise; failure-specific reference/gain/geometry state",Frequency-independent attenuation is confounded with acquisition gain; the guard helps only under a calibrated gain-drift bound.
uniform_absorber-04-v0_single_reference,uniform_absorber,frequency-independent 0.65 modulation attenuation; contaminated by construction,primary state; one reference; 48 reference + 48 sample frames,FLAG,PASS,True,1.0,0.0,0.0,1.0,0.0011255999997956678,20261024,"scene gain U(0.85,1.15); random phase; declared bounded noise; failure-specific reference/gain/geometry state",Frequency-independent attenuation is confounded with acquisition gain; the guard helps only under a calibrated gain-drift bound.
uniform_absorber-04-E1_gain_guard,uniform_absorber,frequency-independent 0.65 modulation attenuation; contaminated by construction,primary state; one reference; bounded absolute gain ratio,FLAG,PASS,True,1.0,0.0,0.0,1.0,0.0012955000020156149,20261024,"scene gain U(0.85,1.15); random phase; declared bounded noise; failure-specific reference/gain/geometry state",Frequency-independent attenuation is confounded with acquisition gain; the guard helps only under a calibrated gain-drift bound.
uniform_absorber-04-E2_reference_consensus,uniform_absorber,frequency-independent 0.65 modulation attenuation; contaminated by construction,primary state; three references; majority self-consistency,FLAG,PASS,True,1.0,0.0,0.0,1.0,0.004171300002781209,20261024,"scene gain U(0.85,1.15); random phase; declared bounded noise; failure-specific reference/gain/geometry state",Frequency-independent attenuation is confounded with acquisition gain; the guard helps only under a calibrated gain-drift bound.
uniform_absorber-04-E3_controlled_geometry,uniform_absorber,frequency-independent 0.65 modulation attenuation; contaminated by construction,primary plus registered high-SNR geometry state; one reference each,FLAG,PASS,True,1.0,0.0,0.0,1.0,0.0017423999997845385,20261024,"scene gain U(0.85,1.15); random phase; declared bounded noise; failure-specific reference/gain/geometry state",Frequency-independent attenuation is confounded with acquisition gain; the guard helps only under a calibrated gain-drift bound.
uniform_absorber-04-E4_secondary_optical_hypothesis,uniform_absorber,frequency-independent 0.65 modulation attenuation; contaminated by construction,primary plus hypothetical residue-sensitive optical state,FLAG,PASS,True,1.0,0.0,0.0,1.0,0.0017374000017298386,20261024,"scene gain U(0.85,1.15); random phase; declared bounded noise; failure-specific reference/gain/geometry state",Frequency-independent attenuation is confounded with acquisition gain; the guard helps only under a calibrated gain-drift bound.
uniform_absorber-04-v1_retained,uniform_absorber,frequency-independent 0.65 modulation attenuation; contaminated by construction,three-reference consensus and gain guard in primary + registered high-SNR state,FLAG,FLAG,False,0.0,1.0,0.0,1.0,0.009035500002937624,20261024,"scene gain U(0.85,1.15); random phase; declared bounded noise; failure-specific reference/gain/geometry state",Frequency-independent attenuation is confounded with acquisition gain; the guard helps only under a calibrated gain-drift bound.
uniform_absorber-05-v0_single_reference,uniform_absorber,frequency-independent 0.65 modulation attenuation; contaminated by construction,primary state; one reference; 48 reference + 48 sample frames,FLAG,PASS,True,1.0,0.0,0.0,1.0,0.0011015000018232968,20261025,"scene gain U(0.85,1.15); random phase; declared bounded noise; failure-specific reference/gain/geometry state",Frequency-independent attenuation is confounded with acquisition gain; the guard helps only under a calibrated gain-drift bound.
uniform_absorber-05-E1_gain_guard,uniform_absorber,frequency-independent 0.65 modulation attenuation; contaminated by construction,primary state; one reference; bounded absolute gain ratio,FLAG,PASS,True,1.0,0.0,0.0,1.0,0.001298399998631794,20261025,"scene gain U(0.85,1.15); random phase; declared bounded noise; failure-specific reference/gain/geometry state",Frequency-independent attenuation is confounded with acquisition gain; the guard helps only under a calibrated gain-drift bound.
uniform_absorber-05-E2_reference_consensus,uniform_absorber,frequency-independent 0.65 modulation attenuation; contaminated by construction,primary state; three references; majority self-consistency,FLAG,PASS,True,1.0,0.0,0.0,1.0,0.004172999997535953,20261025,"scene gain U(0.85,1.15); random phase; declared bounded noise; failure-specific reference/gain/geometry state",Frequency-independent attenuation is confounded with acquisition gain; the guard helps only under a calibrated gain-drift bound.
uniform_absorber-05-E3_controlled_geometry,uniform_absorber,frequency-independent 0.65 modulation attenuation; contaminated by construction,primary plus registered high-SNR geometry state; one reference each,FLAG,PASS,True,1.0,0.0,0.0,1.0,0.0017698000010568649,20261025,"scene gain U(0.85,1.15); random phase; declared bounded noise; failure-specific reference/gain/geometry state",Frequency-independent attenuation is confounded with acquisition gain; the guard helps only under a calibrated gain-drift bound.
uniform_absorber-05-E4_secondary_optical_hypothesis,uniform_absorber,frequency-independent 0.65 modulation attenuation; contaminated by construction,primary plus hypothetical residue-sensitive optical state,FLAG,PASS,True,1.0,0.0,0.0,1.0,0.0018243000013171695,20261025,"scene gain U(0.85,1.15); random phase; declared bounded noise; failure-specific reference/gain/geometry state",Frequency-independent attenuation is confounded with acquisition gain; the guard helps only under a calibrated gain-drift bound.
uniform_absorber-05-v1_retained,uniform_absorber,frequency-independent 0.65 modulation attenuation; contaminated by construction,three-reference consensus and gain guard in primary + registered high-SNR state,FLAG,FLAG,False,0.0,1.0,0.0,1.0,0.008637200000521261,20261025,"scene gain U(0.85,1.15); random phase; declared bounded noise; failure-specific reference/gain/geometry state",Frequency-independent attenuation is confounded with acquisition gain; the guard helps only under a calibrated gain-drift bound.
uniform_absorber-06-v0_single_reference,uniform_absorber,frequency-independent 0.65 modulation attenuation; contaminated by construction,primary state; one reference; 48 reference + 48 sample frames,FLAG,PASS,True,1.0,0.0,0.0,1.0,0.0010966999980155379,20261026,"scene gain U(0.85,1.15); random phase; declared bounded noise; failure-specific reference/gain/geometry state",Frequency-independent attenuation is confounded with acquisition gain; the guard helps only under a calibrated gain-drift bound.
uniform_absorber-06-E1_gain_guard,uniform_absorber,frequency-independent 0.65 modulation attenuation; contaminated by construction,primary state; one reference; bounded absolute gain ratio,FLAG,FLAG,False,0.0,1.0,0.0,1.0,0.0014426999987335876,20261026,"scene gain U(0.85,1.15); random phase; declared bounded noise; failure-specific reference/gain/geometry state",Frequency-independent attenuation is confounded with acquisition gain; the guard helps only under a calibrated gain-drift bound.
uniform_absorber-06-E2_reference_consensus,uniform_absorber,frequency-independent 0.65 modulation attenuation; contaminated by construction,primary state; three references; majority self-consistency,FLAG,PASS,True,1.0,0.0,0.0,1.0,0.004067800000484567,20261026,"scene gain U(0.85,1.15); random phase; declared bounded noise; failure-specific reference/gain/geometry state",Frequency-independent attenuation is confounded with acquisition gain; the guard helps only under a calibrated gain-drift bound.
uniform_absorber-06-E3_controlled_geometry,uniform_absorber,frequency-independent 0.65 modulation attenuation; contaminated by construction,primary plus registered high-SNR geometry state; one reference each,FLAG,PASS,True,1.0,0.0,0.0,1.0,0.0017315000004600734,20261026,"scene gain U(0.85,1.15); random phase; declared bounded noise; failure-specific reference/gain/geometry state",Frequency-independent attenuation is confounded with acquisition gain; the guard helps only under a calibrated gain-drift bound.
uniform_absorber-06-E4_secondary_optical_hypothesis,uniform_absorber,frequency-independent 0.65 modulation attenuation; contaminated by construction,primary plus hypothetical residue-sensitive optical state,FLAG,PASS,True,1.0,0.0,0.0,1.0,0.002294199999596458,20261026,"scene gain U(0.85,1.15); random phase; declared bounded noise; failure-specific reference/gain/geometry state",Frequency-independent attenuation is confounded with acquisition gain; the guard helps only under a calibrated gain-drift bound.
uniform_absorber-06-v1_retained,uniform_absorber,frequency-independent 0.65 modulation attenuation; contaminated by construction,three-reference consensus and gain guard in primary + registered high-SNR state,FLAG,FLAG,False,0.0,1.0,0.0,1.0,0.009022899997944478,20261026,"scene gain U(0.85,1.15); random phase; declared bounded noise; failure-specific reference/gain/geometry state",Frequency-independent attenuation is confounded with acquisition gain; the guard helps only under a calibrated gain-drift bound.
uniform_absorber-07-v0_single_reference,uniform_absorber,frequency-independent 0.65 modulation attenuation; contaminated by construction,primary state; one reference; 48 reference + 48 sample frames,FLAG,PASS,True,1.0,0.0,0.0,1.0,0.00112250000165659,20261027,"scene gain U(0.85,1.15); random phase; declared bounded noise; failure-specific reference/gain/geometry state",Frequency-independent attenuation is confounded with acquisition gain; the guard helps only under a calibrated gain-drift bound.
uniform_absorber-07-E1_gain_guard,uniform_absorber,frequency-independent 0.65 modulation attenuation; contaminated by construction,primary state; one reference; bounded absolute gain ratio,FLAG,PASS,True,1.0,0.0,0.0,1.0,0.0012975000026926864,20261027,"scene gain U(0.85,1.15); random phase; declared bounded noise; failure-specific reference/gain/geometry state",Frequency-independent attenuation is confounded with acquisition gain; the guard helps only under a calibrated gain-drift bound.
uniform_absorber-07-E2_reference_consensus,uniform_absorber,frequency-independent 0.65 modulation attenuation; contaminated by construction,primary state; three references; majority self-consistency,FLAG,PASS,True,1.0,0.0,0.0,1.0,0.004043100001581479,20261027,"scene gain U(0.85,1.15); random phase; declared bounded noise; failure-specific reference/gain/geometry state",Frequency-independent attenuation is confounded with acquisition gain; the guard helps only under a calibrated gain-drift bound.
uniform_absorber-07-E3_controlled_geometry,uniform_absorber,frequency-independent 0.65 modulation attenuation; contaminated by construction,primary plus registered high-SNR geometry state; one reference each,FLAG,PASS,True,1.0,0.0,0.0,1.0,0.0017781000024115201,20261027,"scene gain U(0.85,1.15); random phase; declared bounded noise; failure-specific reference/gain/geometry state",Frequency-independent attenuation is confounded with acquisition gain; the guard helps only under a calibrated gain-drift bound.
uniform_absorber-07-E4_secondary_optical_hypothesis,uniform_absorber,frequency-independent 0.65 modulation attenuation; contaminated by construction,primary plus hypothetical residue-sensitive optical state,FLAG,PASS,True,1.0,0.0,0.0,1.0,0.0017597000005480368,20261027,"scene gain U(0.85,1.15); random phase; declared bounded noise; failure-specific reference/gain/geometry state",Frequency-independent attenuation is confounded with acquisition gain; the guard helps only under a calibrated gain-drift bound.
uniform_absorber-07-v1_retained,uniform_absorber,frequency-independent 0.65 modulation attenuation; contaminated by construction,three-reference consensus and gain guard in primary + registered high-SNR state,FLAG,FLAG,False,0.0,1.0,0.0,1.0,0.009071599997696467,20261027,"scene gain U(0.85,1.15); random phase; declared bounded noise; failure-specific reference/gain/geometry state",Frequency-independent attenuation is confounded with acquisition gain; the guard helps only under a calibrated gain-drift bound.
optically_invisible_residue-00-v0_single_reference,optically_invisible_residue,no retained-channel optical effect; contaminated by construction,primary state; one reference; 48 reference + 48 sample frames,FLAG,PASS,True,1.0,0.0,0.0,1.0,0.0011182999987795483,20261120,"scene gain U(0.85,1.15); random phase; declared bounded noise; failure-specific reference/gain/geometry state",Primary and retained secondary measurements are identical to clean by construction; only E4 injects an unvalidated new contrast.
optically_invisible_residue-00-E1_gain_guard,optically_invisible_residue,no retained-channel optical effect; contaminated by construction,primary state; one reference; bounded absolute gain ratio,FLAG,PASS,True,1.0,0.0,0.0,1.0,0.0012948000003234483,20261120,"scene gain U(0.85,1.15); random phase; declared bounded noise; failure-specific reference/gain/geometry state",Primary and retained secondary measurements are identical to clean by construction; only E4 injects an unvalidated new contrast.
optically_invisible_residue-00-E2_reference_consensus,optically_invisible_residue,no retained-channel optical effect; contaminated by construction,primary state; three references; majority self-consistency,FLAG,PASS,True,1.0,0.0,0.0,1.0,0.004656199998862576,20261120,"scene gain U(0.85,1.15); random phase; declared bounded noise; failure-specific reference/gain/geometry state",Primary and retained secondary measurements are identical to clean by construction; only E4 injects an unvalidated new contrast.
optically_invisible_residue-00-E3_controlled_geometry,optically_invisible_residue,no retained-channel optical effect; contaminated by construction,primary plus registered high-SNR geometry state; one reference each,FLAG,PASS,True,1.0,0.0,0.0,1.0,0.0017477000001235865,20261120,"scene gain U(0.85,1.15); random phase; declared bounded noise; failure-specific reference/gain/geometry state",Primary and retained secondary measurements are identical to clean by construction; only E4 injects an unvalidated new contrast.
optically_invisible_residue-00-E4_secondary_optical_hypothesis,optically_invisible_residue,no retained-channel optical effect; contaminated by construction,primary plus hypothetical residue-sensitive optical state,FLAG,FLAG,False,0.0,1.0,0.0,1.0,0.001756600002408959,20261120,"scene gain U(0.85,1.15); random phase; declared bounded noise; failure-specific reference/gain/geometry state",Primary and retained secondary measurements are identical to clean by construction; only E4 injects an unvalidated new contrast.
optically_invisible_residue-00-v1_retained,optically_invisible_residue,no retained-channel optical effect; contaminated by construction,three-reference consensus and gain guard in primary + registered high-SNR state,FLAG,PASS,True,1.0,0.0,0.0,1.0,0.009113599997363053,20261120,"scene gain U(0.85,1.15); random phase; declared bounded noise; failure-specific reference/gain/geometry state",Primary and retained secondary measurements are identical to clean by construction; only E4 injects an unvalidated new contrast.
optically_invisible_residue-01-v0_single_reference,optically_invisible_residue,no retained-channel optical effect; contaminated by construction,primary state; one reference; 48 reference + 48 sample frames,FLAG,PASS,True,1.0,0.0,0.0,1.0,0.0011199999971722718,20261121,"scene gain U(0.85,1.15); random phase; declared bounded noise; failure-specific reference/gain/geometry state",Primary and retained secondary measurements are identical to clean by construction; only E4 injects an unvalidated new contrast.
optically_invisible_residue-01-E1_gain_guard,optically_invisible_residue,no retained-channel optical effect; contaminated by construction,primary state; one reference; bounded absolute gain ratio,FLAG,PASS,True,1.0,0.0,0.0,1.0,0.001541700003144797,20261121,"scene gain U(0.85,1.15); random phase; declared bounded noise; failure-specific reference/gain/geometry state",Primary and retained secondary measurements are identical to clean by construction; only E4 injects an unvalidated new contrast.
optically_invisible_residue-01-E2_reference_consensus,optically_invisible_residue,no retained-channel optical effect; contaminated by construction,primary state; three references; majority self-consistency,FLAG,PASS,True,1.0,0.0,0.0,1.0,0.004244799998559756,20261121,"scene gain U(0.85,1.15); random phase; declared bounded noise; failure-specific reference/gain/geometry state",Primary and retained secondary measurements are identical to clean by construction; only E4 injects an unvalidated new contrast.
optically_invisible_residue-01-E3_controlled_geometry,optically_invisible_residue,no retained-channel optical effect; contaminated by construction,primary plus registered high-SNR geometry state; one reference each,FLAG,PASS,True,1.0,0.0,0.0,1.0,0.002002699999138713,20261121,"scene gain U(0.85,1.15); random phase; declared bounded noise; failure-specific reference/gain/geometry state",Primary and retained secondary measurements are identical to clean by construction; only E4 injects an unvalidated new contrast.
optically_invisible_residue-01-E4_secondary_optical_hypothesis,optically_invisible_residue,no retained-channel optical effect; contaminated by construction,primary plus hypothetical residue-sensitive optical state,FLAG,FLAG,False,0.0,1.0,0.0,1.0,0.0027383999986341223,20261121,"scene gain U(0.85,1.15); random phase; declared bounded noise; failure-specific reference/gain/geometry state",Primary and retained secondary measurements are identical to clean by construction; only E4 injects an unvalidated new contrast.
optically_invisible_residue-01-v1_retained,optically_invisible_residue,no retained-channel optical effect; contaminated by construction,three-reference consensus and gain guard in primary + registered high-SNR state,FLAG,PASS,True,1.0,0.0,0.0,1.0,0.008758700001635589,20261121,"scene gain U(0.85,1.15); random phase; declared bounded noise; failure-specific reference/gain/geometry state",Primary and retained secondary measurements are identical to clean by construction; only E4 injects an unvalidated new contrast.
optically_invisible_residue-02-v0_single_reference,optically_invisible_residue,no retained-channel optical effect; contaminated by construction,primary state; one reference; 48 reference + 48 sample frames,FLAG,PASS,True,1.0,0.0,0.0,1.0,0.0012119000020902604,20261122,"scene gain U(0.85,1.15); random phase; declared bounded noise; failure-specific reference/gain/geometry state",Primary and retained secondary measurements are identical to clean by construction; only E4 injects an unvalidated new contrast.
optically_invisible_residue-02-E1_gain_guard,optically_invisible_residue,no retained-channel optical effect; contaminated by construction,primary state; one reference; bounded absolute gain ratio,FLAG,PASS,True,1.0,0.0,0.0,1.0,0.0012896999978693202,20261122,"scene gain U(0.85,1.15); random phase; declared bounded noise; failure-specific reference/gain/geometry state",Primary and retained secondary measurements are identical to clean by construction; only E4 injects an unvalidated new contrast.
optically_invisible_residue-02-E2_reference_consensus,optically_invisible_residue,no retained-channel optical effect; contaminated by construction,primary state; three references; majority self-consistency,FLAG,PASS,True,1.0,0.0,0.0,1.0,0.004175300000497373,20261122,"scene gain U(0.85,1.15); random phase; declared bounded noise; failure-specific reference/gain/geometry state",Primary and retained secondary measurements are identical to clean by construction; only E4 injects an unvalidated new contrast.
optically_invisible_residue-02-E3_controlled_geometry,optically_invisible_residue,no retained-channel optical effect; contaminated by construction,primary plus registered high-SNR geometry state; one reference each,FLAG,PASS,True,1.0,0.0,0.0,1.0,0.0018279999967489857,20261122,"scene gain U(0.85,1.15); random phase; declared bounded noise; failure-specific reference/gain/geometry state",Primary and retained secondary measurements are identical to clean by construction; only E4 injects an unvalidated new contrast.
optically_invisible_residue-02-E4_secondary_optical_hypothesis,optically_invisible_residue,no retained-channel optical effect; contaminated by construction,primary plus hypothetical residue-sensitive optical state,FLAG,FLAG,False,0.0,1.0,0.0,1.0,0.0017555999984324444,20261122,"scene gain U(0.85,1.15); random phase; declared bounded noise; failure-specific reference/gain/geometry state",Primary and retained secondary measurements are identical to clean by construction; only E4 injects an unvalidated new contrast.
optically_invisible_residue-02-v1_retained,optically_invisible_residue,no retained-channel optical effect; contaminated by construction,three-reference consensus and gain guard in primary + registered high-SNR state,FLAG,PASS,True,1.0,0.0,0.0,1.0,0.00855299999966519,20261122,"scene gain U(0.85,1.15); random phase; declared bounded noise; failure-specific reference/gain/geometry state",Primary and retained secondary measurements are identical to clean by construction; only E4 injects an unvalidated new contrast.
optically_invisible_residue-03-v0_single_reference,optically_invisible_residue,no retained-channel optical effect; contaminated by construction,primary state; one reference; 48 reference + 48 sample frames,FLAG,PASS,True,1.0,0.0,0.0,1.0,0.0010985000008076895,20261123,"scene gain U(0.85,1.15); random phase; declared bounded noise; failure-specific reference/gain/geometry state",Primary and retained secondary measurements are identical to clean by construction; only E4 injects an unvalidated new contrast.
optically_invisible_residue-03-E1_gain_guard,optically_invisible_residue,no retained-channel optical effect; contaminated by construction,primary state; one reference; bounded absolute gain ratio,FLAG,PASS,True,1.0,0.0,0.0,1.0,0.001282999997783918,20261123,"scene gain U(0.85,1.15); random phase; declared bounded noise; failure-specific reference/gain/geometry state",Primary and retained secondary measurements are identical to clean by construction; only E4 injects an unvalidated new contrast.
optically_invisible_residue-03-E2_reference_consensus,optically_invisible_residue,no retained-channel optical effect; contaminated by construction,primary state; three references; majority self-consistency,FLAG,PASS,True,1.0,0.0,0.0,1.0,0.004246799999236828,20261123,"scene gain U(0.85,1.15); random phase; declared bounded noise; failure-specific reference/gain/geometry state",Primary and retained secondary measurements are identical to clean by construction; only E4 injects an unvalidated new contrast.
optically_invisible_residue-03-E3_controlled_geometry,optically_invisible_residue,no retained-channel optical effect; contaminated by construction,primary plus registered high-SNR geometry state; one reference each,FLAG,PASS,True,1.0,0.0,0.0,1.0,0.001735599998937687,20261123,"scene gain U(0.85,1.15); random phase; declared bounded noise; failure-specific reference/gain/geometry state",Primary and retained secondary measurements are identical to clean by construction; only E4 injects an unvalidated new contrast.
optically_invisible_residue-03-E4_secondary_optical_hypothesis,optically_invisible_residue,no retained-channel optical effect; contaminated by construction,primary plus hypothetical residue-sensitive optical state,FLAG,FLAG,False,0.0,1.0,0.0,1.0,0.001743299999361625,20261123,"scene gain U(0.85,1.15); random phase; declared bounded noise; failure-specific reference/gain/geometry state",Primary and retained secondary measurements are identical to clean by construction; only E4 injects an unvalidated new contrast.
optically_invisible_residue-03-v1_retained,optically_invisible_residue,no retained-channel optical effect; contaminated by construction,three-reference consensus and gain guard in primary + registered high-SNR state,FLAG,PASS,True,1.0,0.0,0.0,1.0,0.008409399997617584,20261123,"scene gain U(0.85,1.15); random phase; declared bounded noise; failure-specific reference/gain/geometry state",Primary and retained secondary measurements are identical to clean by construction; only E4 injects an unvalidated new contrast.
optically_invisible_residue-04-v0_single_reference,optically_invisible_residue,no retained-channel optical effect; contaminated by construction,primary state; one reference; 48 reference + 48 sample frames,FLAG,PASS,True,1.0,0.0,0.0,1.0,0.0011835999976028688,20261124,"scene gain U(0.85,1.15); random phase; declared bounded noise; failure-specific reference/gain/geometry state",Primary and retained secondary measurements are identical to clean by construction; only E4 injects an unvalidated new contrast.
optically_invisible_residue-04-E1_gain_guard,optically_invisible_residue,no retained-channel optical effect; contaminated by construction,primary state; one reference; bounded absolute gain ratio,FLAG,PASS,True,1.0,0.0,0.0,1.0,0.00138140000126441,20261124,"scene gain U(0.85,1.15); random phase; declared bounded noise; failure-specific reference/gain/geometry state",Primary and retained secondary measurements are identical to clean by construction; only E4 injects an unvalidated new contrast.
optically_invisible_residue-04-E2_reference_consensus,optically_invisible_residue,no retained-channel optical effect; contaminated by construction,primary state; three references; majority self-consistency,FLAG,PASS,True,1.0,0.0,0.0,1.0,0.004371199996967334,20261124,"scene gain U(0.85,1.15); random phase; declared bounded noise; failure-specific reference/gain/geometry state",Primary and retained secondary measurements are identical to clean by construction; only E4 injects an unvalidated new contrast.
optically_invisible_residue-04-E3_controlled_geometry,optically_invisible_residue,no retained-channel optical effect; contaminated by construction,primary plus registered high-SNR geometry state; one reference each,FLAG,PASS,True,1.0,0.0,0.0,1.0,0.0017938000019057654,20261124,"scene gain U(0.85,1.15); random phase; declared bounded noise; failure-specific reference/gain/geometry state",Primary and retained secondary measurements are identical to clean by construction; only E4 injects an unvalidated new contrast.
optically_invisible_residue-04-E4_secondary_optical_hypothesis,optically_invisible_residue,no retained-channel optical effect; contaminated by construction,primary plus hypothetical residue-sensitive optical state,FLAG,FLAG,False,0.0,0.953125,0.046875,0.953125,0.002025300000241259,20261124,"scene gain U(0.85,1.15); random phase; declared bounded noise; failure-specific reference/gain/geometry state",Primary and retained secondary measurements are identical to clean by construction; only E4 injects an unvalidated new contrast.
optically_invisible_residue-04-v1_retained,optically_invisible_residue,no retained-channel optical effect; contaminated by construction,three-reference consensus and gain guard in primary + registered high-SNR state,FLAG,PASS,True,1.0,0.0,0.0,1.0,0.008957400001236238,20261124,"scene gain U(0.85,1.15); random phase; declared bounded noise; failure-specific reference/gain/geometry state",Primary and retained secondary measurements are identical to clean by construction; only E4 injects an unvalidated new contrast.
optically_invisible_residue-05-v0_single_reference,optically_invisible_residue,no retained-channel optical effect; contaminated by construction,primary state; one reference; 48 reference + 48 sample frames,FLAG,PASS,True,1.0,0.0,0.0,1.0,0.0012214000016683713,20261125,"scene gain U(0.85,1.15); random phase; declared bounded noise; failure-specific reference/gain/geometry state",Primary and retained secondary measurements are identical to clean by construction; only E4 injects an unvalidated new contrast.
optically_invisible_residue-05-E1_gain_guard,optically_invisible_residue,no retained-channel optical effect; contaminated by construction,primary state; one reference; bounded absolute gain ratio,FLAG,PASS,True,1.0,0.0,0.0,1.0,0.0013642000012623612,20261125,"scene gain U(0.85,1.15); random phase; declared bounded noise; failure-specific reference/gain/geometry state",Primary and retained secondary measurements are identical to clean by construction; only E4 injects an unvalidated new contrast.
optically_invisible_residue-05-E2_reference_consensus,optically_invisible_residue,no retained-channel optical effect; contaminated by construction,primary state; three references; majority self-consistency,FLAG,PASS,True,1.0,0.0,0.0,1.0,0.004140900000493275,20261125,"scene gain U(0.85,1.15); random phase; declared bounded noise; failure-specific reference/gain/geometry state",Primary and retained secondary measurements are identical to clean by construction; only E4 injects an unvalidated new contrast.
optically_invisible_residue-05-E3_controlled_geometry,optically_invisible_residue,no retained-channel optical effect; contaminated by construction,primary plus registered high-SNR geometry state; one reference each,FLAG,PASS,True,1.0,0.0,0.0,1.0,0.0018051999977615196,20261125,"scene gain U(0.85,1.15); random phase; declared bounded noise; failure-specific reference/gain/geometry state",Primary and retained secondary measurements are identical to clean by construction; only E4 injects an unvalidated new contrast.
optically_invisible_residue-05-E4_secondary_optical_hypothesis,optically_invisible_residue,no retained-channel optical effect; contaminated by construction,primary plus hypothetical residue-sensitive optical state,FLAG,FLAG,False,0.0,1.0,0.0,1.0,0.0017642999991949182,20261125,"scene gain U(0.85,1.15); random phase; declared bounded noise; failure-specific reference/gain/geometry state",Primary and retained secondary measurements are identical to clean by construction; only E4 injects an unvalidated new contrast.
optically_invisible_residue-05-v1_retained,optically_invisible_residue,no retained-channel optical effect; contaminated by construction,three-reference consensus and gain guard in primary + registered high-SNR state,FLAG,PASS,True,1.0,0.0,0.0,1.0,0.008551900002203183,20261125,"scene gain U(0.85,1.15); random phase; declared bounded noise; failure-specific reference/gain/geometry state",Primary and retained secondary measurements are identical to clean by construction; only E4 injects an unvalidated new contrast.
optically_invisible_residue-06-v0_single_reference,optically_invisible_residue,no retained-channel optical effect; contaminated by construction,primary state; one reference; 48 reference + 48 sample frames,FLAG,PASS,True,1.0,0.0,0.0,1.0,0.0011983000003965572,20261126,"scene gain U(0.85,1.15); random phase; declared bounded noise; failure-specific reference/gain/geometry state",Primary and retained secondary measurements are identical to clean by construction; only E4 injects an unvalidated new contrast.
optically_invisible_residue-06-E1_gain_guard,optically_invisible_residue,no retained-channel optical effect; contaminated by construction,primary state; one reference; bounded absolute gain ratio,FLAG,PASS,True,1.0,0.0,0.0,1.0,0.0013214000027801376,20261126,"scene gain U(0.85,1.15); random phase; declared bounded noise; failure-specific reference/gain/geometry state",Primary and retained secondary measurements are identical to clean by construction; only E4 injects an unvalidated new contrast.
optically_invisible_residue-06-E2_reference_consensus,optically_invisible_residue,no retained-channel optical effect; contaminated by construction,primary state; three references; majority self-consistency,FLAG,PASS,True,1.0,0.0,0.0,1.0,0.0043394999993324745,20261126,"scene gain U(0.85,1.15); random phase; declared bounded noise; failure-specific reference/gain/geometry state",Primary and retained secondary measurements are identical to clean by construction; only E4 injects an unvalidated new contrast.
optically_invisible_residue-06-E3_controlled_geometry,optically_invisible_residue,no retained-channel optical effect; contaminated by construction,primary plus registered high-SNR geometry state; one reference each,FLAG,PASS,True,1.0,0.0,0.0,1.0,0.0017723999990266748,20261126,"scene gain U(0.85,1.15); random phase; declared bounded noise; failure-specific reference/gain/geometry state",Primary and retained secondary measurements are identical to clean by construction; only E4 injects an unvalidated new contrast.
optically_invisible_residue-06-E4_secondary_optical_hypothesis,optically_invisible_residue,no retained-channel optical effect; contaminated by construction,primary plus hypothetical residue-sensitive optical state,FLAG,FLAG,False,0.0,1.0,0.0,1.0,0.001750499999616295,20261126,"scene gain U(0.85,1.15); random phase; declared bounded noise; failure-specific reference/gain/geometry state",Primary and retained secondary measurements are identical to clean by construction; only E4 injects an unvalidated new contrast.
optically_invisible_residue-06-v1_retained,optically_invisible_residue,no retained-channel optical effect; contaminated by construction,three-reference consensus and gain guard in primary + registered high-SNR state,FLAG,PASS,True,1.0,0.0,0.0,1.0,0.00839550000091549,20261126,"scene gain U(0.85,1.15); random phase; declared bounded noise; failure-specific reference/gain/geometry state",Primary and retained secondary measurements are identical to clean by construction; only E4 injects an unvalidated new contrast.
optically_invisible_residue-07-v0_single_reference,optically_invisible_residue,no retained-channel optical effect; contaminated by construction,primary state; one reference; 48 reference + 48 sample frames,FLAG,PASS,True,1.0,0.0,0.0,1.0,0.001112400001147762,20261127,"scene gain U(0.85,1.15); random phase; declared bounded noise; failure-specific reference/gain/geometry state",Primary and retained secondary measurements are identical to clean by construction; only E4 injects an unvalidated new contrast.
optically_invisible_residue-07-E1_gain_guard,optically_invisible_residue,no retained-channel optical effect; contaminated by construction,primary state; one reference; bounded absolute gain ratio,FLAG,PASS,True,1.0,0.0,0.0,1.0,0.0014496000003418885,20261127,"scene gain U(0.85,1.15); random phase; declared bounded noise; failure-specific reference/gain/geometry state",Primary and retained secondary measurements are identical to clean by construction; only E4 injects an unvalidated new contrast.
optically_invisible_residue-07-E2_reference_consensus,optically_invisible_residue,no retained-channel optical effect; contaminated by construction,primary state; three references; majority self-consistency,FLAG,PASS,True,1.0,0.0,0.0,1.0,0.004224100001010811,20261127,"scene gain U(0.85,1.15); random phase; declared bounded noise; failure-specific reference/gain/geometry state",Primary and retained secondary measurements are identical to clean by construction; only E4 injects an unvalidated new contrast.
optically_invisible_residue-07-E3_controlled_geometry,optically_invisible_residue,no retained-channel optical effect; contaminated by construction,primary plus registered high-SNR geometry state; one reference each,FLAG,PASS,True,1.0,0.0,0.0,1.0,0.0017283999986830167,20261127,"scene gain U(0.85,1.15); random phase; declared bounded noise; failure-specific reference/gain/geometry state",Primary and retained secondary measurements are identical to clean by construction; only E4 injects an unvalidated new contrast.
optically_invisible_residue-07-E4_secondary_optical_hypothesis,optically_invisible_residue,no retained-channel optical effect; contaminated by construction,primary plus hypothetical residue-sensitive optical state,FLAG,FLAG,False,0.0,1.0,0.0,1.0,0.001745399997162167,20261127,"scene gain U(0.85,1.15); random phase; declared bounded noise; failure-specific reference/gain/geometry state",Primary and retained secondary measurements are identical to clean by construction; only E4 injects an unvalidated new contrast.
optically_invisible_residue-07-v1_retained,optically_invisible_residue,no retained-channel optical effect; contaminated by construction,three-reference consensus and gain guard in primary + registered high-SNR state,FLAG,PASS,True,1.0,0.0,0.0,1.0,0.009171599998808233,20261127,"scene gain U(0.85,1.15); random phase; declared bounded noise; failure-specific reference/gain/geometry state",Primary and retained secondary measurements are identical to clean by construction; only E4 injects an unvalidated new contrast.
negative_blur_cancellation-00-v0_single_reference,negative_blur_cancellation,sample q=0.6 and geometry b=-0.6 in the primary state,primary state; one reference; 48 reference + 48 sample frames,FLAG,PASS,True,1.0,0.0,0.0,1.0,0.0011273999989498407,20261220,"scene gain U(0.85,1.15); random phase; declared bounded noise; failure-specific reference/gain/geometry state","A single relative slope observes b+q, so b=-q cancels; registered geometry narrows the allowed b interval."
negative_blur_cancellation-00-E1_gain_guard,negative_blur_cancellation,sample q=0.6 and geometry b=-0.6 in the primary state,primary state; one reference; bounded absolute gain ratio,FLAG,PASS,True,1.0,0.0,0.0,1.0,0.0013547999988077208,20261220,"scene gain U(0.85,1.15); random phase; declared bounded noise; failure-specific reference/gain/geometry state","A single relative slope observes b+q, so b=-q cancels; registered geometry narrows the allowed b interval."
negative_blur_cancellation-00-E2_reference_consensus,negative_blur_cancellation,sample q=0.6 and geometry b=-0.6 in the primary state,primary state; three references; majority self-consistency,FLAG,PASS,True,1.0,0.0,0.0,1.0,0.004123999999137595,20261220,"scene gain U(0.85,1.15); random phase; declared bounded noise; failure-specific reference/gain/geometry state","A single relative slope observes b+q, so b=-q cancels; registered geometry narrows the allowed b interval."
negative_blur_cancellation-00-E3_controlled_geometry,negative_blur_cancellation,sample q=0.6 and geometry b=-0.6 in the primary state,primary plus registered high-SNR geometry state; one reference each,FLAG,FLAG,False,0.0,1.0,0.0,1.0,0.001707300001726253,20261220,"scene gain U(0.85,1.15); random phase; declared bounded noise; failure-specific reference/gain/geometry state","A single relative slope observes b+q, so b=-q cancels; registered geometry narrows the allowed b interval."
negative_blur_cancellation-00-E4_secondary_optical_hypothesis,negative_blur_cancellation,sample q=0.6 and geometry b=-0.6 in the primary state,primary plus hypothetical residue-sensitive optical state,FLAG,UNKNOWN,False,0.0,0.0,1.0,0.0,0.0020767999994859565,20261220,"scene gain U(0.85,1.15); random phase; declared bounded noise; failure-specific reference/gain/geometry state","A single relative slope observes b+q, so b=-q cancels; registered geometry narrows the allowed b interval."
negative_blur_cancellation-00-v1_retained,negative_blur_cancellation,sample q=0.6 and geometry b=-0.6 in the primary state,three-reference consensus and gain guard in primary + registered high-SNR state,FLAG,FLAG,False,0.0,1.0,0.0,1.0,0.0093778000009479,20261220,"scene gain U(0.85,1.15); random phase; declared bounded noise; failure-specific reference/gain/geometry state","A single relative slope observes b+q, so b=-q cancels; registered geometry narrows the allowed b interval."
negative_blur_cancellation-01-v0_single_reference,negative_blur_cancellation,sample q=0.6 and geometry b=-0.6 in the primary state,primary state; one reference; 48 reference + 48 sample frames,FLAG,PASS,True,1.0,0.0,0.0,1.0,0.0014310000005934853,20261221,"scene gain U(0.85,1.15); random phase; declared bounded noise; failure-specific reference/gain/geometry state","A single relative slope observes b+q, so b=-q cancels; registered geometry narrows the allowed b interval."
negative_blur_cancellation-01-E1_gain_guard,negative_blur_cancellation,sample q=0.6 and geometry b=-0.6 in the primary state,primary state; one reference; bounded absolute gain ratio,FLAG,PASS,True,1.0,0.0,0.0,1.0,0.0014609999998356216,20261221,"scene gain U(0.85,1.15); random phase; declared bounded noise; failure-specific reference/gain/geometry state","A single relative slope observes b+q, so b=-q cancels; registered geometry narrows the allowed b interval."
negative_blur_cancellation-01-E2_reference_consensus,negative_blur_cancellation,sample q=0.6 and geometry b=-0.6 in the primary state,primary state; three references; majority self-consistency,FLAG,PASS,True,1.0,0.0,0.0,1.0,0.004057399997691391,20261221,"scene gain U(0.85,1.15); random phase; declared bounded noise; failure-specific reference/gain/geometry state","A single relative slope observes b+q, so b=-q cancels; registered geometry narrows the allowed b interval."
negative_blur_cancellation-01-E3_controlled_geometry,negative_blur_cancellation,sample q=0.6 and geometry b=-0.6 in the primary state,primary plus registered high-SNR geometry state; one reference each,FLAG,FLAG,False,0.0,1.0,0.0,1.0,0.0019480000009934884,20261221,"scene gain U(0.85,1.15); random phase; declared bounded noise; failure-specific reference/gain/geometry state","A single relative slope observes b+q, so b=-q cancels; registered geometry narrows the allowed b interval."
negative_blur_cancellation-01-E4_secondary_optical_hypothesis,negative_blur_cancellation,sample q=0.6 and geometry b=-0.6 in the primary state,primary plus hypothetical residue-sensitive optical state,FLAG,UNKNOWN,False,0.0,0.0,1.0,0.0,0.0018092000027536415,20261221,"scene gain U(0.85,1.15); random phase; declared bounded noise; failure-specific reference/gain/geometry state","A single relative slope observes b+q, so b=-q cancels; registered geometry narrows the allowed b interval."
negative_blur_cancellation-01-v1_retained,negative_blur_cancellation,sample q=0.6 and geometry b=-0.6 in the primary state,three-reference consensus and gain guard in primary + registered high-SNR state,FLAG,FLAG,False,0.0,1.0,0.0,1.0,0.008873800001310883,20261221,"scene gain U(0.85,1.15); random phase; declared bounded noise; failure-specific reference/gain/geometry state","A single relative slope observes b+q, so b=-q cancels; registered geometry narrows the allowed b interval."
negative_blur_cancellation-02-v0_single_reference,negative_blur_cancellation,sample q=0.6 and geometry b=-0.6 in the primary state,primary state; one reference; 48 reference + 48 sample frames,FLAG,PASS,True,1.0,0.0,0.0,1.0,0.0011252000003878493,20261222,"scene gain U(0.85,1.15); random phase; declared bounded noise; failure-specific reference/gain/geometry state","A single relative slope observes b+q, so b=-q cancels; registered geometry narrows the allowed b interval."
negative_blur_cancellation-02-E1_gain_guard,negative_blur_cancellation,sample q=0.6 and geometry b=-0.6 in the primary state,primary state; one reference; bounded absolute gain ratio,FLAG,PASS,True,1.0,0.0,0.0,1.0,0.0013204000024416018,20261222,"scene gain U(0.85,1.15); random phase; declared bounded noise; failure-specific reference/gain/geometry state","A single relative slope observes b+q, so b=-q cancels; registered geometry narrows the allowed b interval."
negative_blur_cancellation-02-E2_reference_consensus,negative_blur_cancellation,sample q=0.6 and geometry b=-0.6 in the primary state,primary state; three references; majority self-consistency,FLAG,PASS,True,1.0,0.0,0.0,1.0,0.004150400000071386,20261222,"scene gain U(0.85,1.15); random phase; declared bounded noise; failure-specific reference/gain/geometry state","A single relative slope observes b+q, so b=-q cancels; registered geometry narrows the allowed b interval."
negative_blur_cancellation-02-E3_controlled_geometry,negative_blur_cancellation,sample q=0.6 and geometry b=-0.6 in the primary state,primary plus registered high-SNR geometry state; one reference each,FLAG,FLAG,False,0.0,1.0,0.0,1.0,0.0018278999996255152,20261222,"scene gain U(0.85,1.15); random phase; declared bounded noise; failure-specific reference/gain/geometry state","A single relative slope observes b+q, so b=-q cancels; registered geometry narrows the allowed b interval."
negative_blur_cancellation-02-E4_secondary_optical_hypothesis,negative_blur_cancellation,sample q=0.6 and geometry b=-0.6 in the primary state,primary plus hypothetical residue-sensitive optical state,FLAG,UNKNOWN,False,0.0,0.0,1.0,0.0,0.0017530000004626345,20261222,"scene gain U(0.85,1.15); random phase; declared bounded noise; failure-specific reference/gain/geometry state","A single relative slope observes b+q, so b=-q cancels; registered geometry narrows the allowed b interval."
negative_blur_cancellation-02-v1_retained,negative_blur_cancellation,sample q=0.6 and geometry b=-0.6 in the primary state,three-reference consensus and gain guard in primary + registered high-SNR state,FLAG,FLAG,False,0.0,1.0,0.0,1.0,0.00879499999791733,20261222,"scene gain U(0.85,1.15); random phase; declared bounded noise; failure-specific reference/gain/geometry state","A single relative slope observes b+q, so b=-q cancels; registered geometry narrows the allowed b interval."
negative_blur_cancellation-03-v0_single_reference,negative_blur_cancellation,sample q=0.6 and geometry b=-0.6 in the primary state,primary state; one reference; 48 reference + 48 sample frames,FLAG,PASS,True,1.0,0.0,0.0,1.0,0.0011338999975123443,20261223,"scene gain U(0.85,1.15); random phase; declared bounded noise; failure-specific reference/gain/geometry state","A single relative slope observes b+q, so b=-q cancels; registered geometry narrows the allowed b interval."
negative_blur_cancellation-03-E1_gain_guard,negative_blur_cancellation,sample q=0.6 and geometry b=-0.6 in the primary state,primary state; one reference; bounded absolute gain ratio,FLAG,PASS,True,1.0,0.0,0.0,1.0,0.0013109999999869615,20261223,"scene gain U(0.85,1.15); random phase; declared bounded noise; failure-specific reference/gain/geometry state","A single relative slope observes b+q, so b=-q cancels; registered geometry narrows the allowed b interval."
negative_blur_cancellation-03-E2_reference_consensus,negative_blur_cancellation,sample q=0.6 and geometry b=-0.6 in the primary state,primary state; three references; majority self-consistency,FLAG,PASS,True,1.0,0.0,0.0,1.0,0.0041984999988926575,20261223,"scene gain U(0.85,1.15); random phase; declared bounded noise; failure-specific reference/gain/geometry state","A single relative slope observes b+q, so b=-q cancels; registered geometry narrows the allowed b interval."
negative_blur_cancellation-03-E3_controlled_geometry,negative_blur_cancellation,sample q=0.6 and geometry b=-0.6 in the primary state,primary plus registered high-SNR geometry state; one reference each,FLAG,FLAG,False,0.0,1.0,0.0,1.0,0.0017595999997865874,20261223,"scene gain U(0.85,1.15); random phase; declared bounded noise; failure-specific reference/gain/geometry state","A single relative slope observes b+q, so b=-q cancels; registered geometry narrows the allowed b interval."
negative_blur_cancellation-03-E4_secondary_optical_hypothesis,negative_blur_cancellation,sample q=0.6 and geometry b=-0.6 in the primary state,primary plus hypothetical residue-sensitive optical state,FLAG,UNKNOWN,False,0.0,0.0,1.0,0.0,0.0017771999991964549,20261223,"scene gain U(0.85,1.15); random phase; declared bounded noise; failure-specific reference/gain/geometry state","A single relative slope observes b+q, so b=-q cancels; registered geometry narrows the allowed b interval."
negative_blur_cancellation-03-v1_retained,negative_blur_cancellation,sample q=0.6 and geometry b=-0.6 in the primary state,three-reference consensus and gain guard in primary + registered high-SNR state,FLAG,FLAG,False,0.0,1.0,0.0,1.0,0.008574100000259932,20261223,"scene gain U(0.85,1.15); random phase; declared bounded noise; failure-specific reference/gain/geometry state","A single relative slope observes b+q, so b=-q cancels; registered geometry narrows the allowed b interval."
negative_blur_cancellation-04-v0_single_reference,negative_blur_cancellation,sample q=0.6 and geometry b=-0.6 in the primary state,primary state; one reference; 48 reference + 48 sample frames,FLAG,PASS,True,1.0,0.0,0.0,1.0,0.001099700002669124,20261224,"scene gain U(0.85,1.15); random phase; declared bounded noise; failure-specific reference/gain/geometry state","A single relative slope observes b+q, so b=-q cancels; registered geometry narrows the allowed b interval."
negative_blur_cancellation-04-E1_gain_guard,negative_blur_cancellation,sample q=0.6 and geometry b=-0.6 in the primary state,primary state; one reference; bounded absolute gain ratio,FLAG,PASS,True,1.0,0.0,0.0,1.0,0.0012916999985463917,20261224,"scene gain U(0.85,1.15); random phase; declared bounded noise; failure-specific reference/gain/geometry state","A single relative slope observes b+q, so b=-q cancels; registered geometry narrows the allowed b interval."
negative_blur_cancellation-04-E2_reference_consensus,negative_blur_cancellation,sample q=0.6 and geometry b=-0.6 in the primary state,primary state; three references; majority self-consistency,FLAG,PASS,True,1.0,0.0,0.0,1.0,0.0042257999994035345,20261224,"scene gain U(0.85,1.15); random phase; declared bounded noise; failure-specific reference/gain/geometry state","A single relative slope observes b+q, so b=-q cancels; registered geometry narrows the allowed b interval."
negative_blur_cancellation-04-E3_controlled_geometry,negative_blur_cancellation,sample q=0.6 and geometry b=-0.6 in the primary state,primary plus registered high-SNR geometry state; one reference each,FLAG,FLAG,False,0.0,1.0,0.0,1.0,0.0017267999974137638,20261224,"scene gain U(0.85,1.15); random phase; declared bounded noise; failure-specific reference/gain/geometry state","A single relative slope observes b+q, so b=-q cancels; registered geometry narrows the allowed b interval."
negative_blur_cancellation-04-E4_secondary_optical_hypothesis,negative_blur_cancellation,sample q=0.6 and geometry b=-0.6 in the primary state,primary plus hypothetical residue-sensitive optical state,FLAG,UNKNOWN,False,0.0,0.0,1.0,0.0,0.0018776000033540186,20261224,"scene gain U(0.85,1.15); random phase; declared bounded noise; failure-specific reference/gain/geometry state","A single relative slope observes b+q, so b=-q cancels; registered geometry narrows the allowed b interval."
negative_blur_cancellation-04-v1_retained,negative_blur_cancellation,sample q=0.6 and geometry b=-0.6 in the primary state,three-reference consensus and gain guard in primary + registered high-SNR state,FLAG,FLAG,False,0.0,1.0,0.0,1.0,0.009078499999304768,20261224,"scene gain U(0.85,1.15); random phase; declared bounded noise; failure-specific reference/gain/geometry state","A single relative slope observes b+q, so b=-q cancels; registered geometry narrows the allowed b interval."
negative_blur_cancellation-05-v0_single_reference,negative_blur_cancellation,sample q=0.6 and geometry b=-0.6 in the primary state,primary state; one reference; 48 reference + 48 sample frames,FLAG,PASS,True,1.0,0.0,0.0,1.0,0.001104399998439476,20261225,"scene gain U(0.85,1.15); random phase; declared bounded noise; failure-specific reference/gain/geometry state","A single relative slope observes b+q, so b=-q cancels; registered geometry narrows the allowed b interval."
negative_blur_cancellation-05-E1_gain_guard,negative_blur_cancellation,sample q=0.6 and geometry b=-0.6 in the primary state,primary state; one reference; bounded absolute gain ratio,FLAG,PASS,True,1.0,0.0,0.0,1.0,0.001426700000592973,20261225,"scene gain U(0.85,1.15); random phase; declared bounded noise; failure-specific reference/gain/geometry state","A single relative slope observes b+q, so b=-q cancels; registered geometry narrows the allowed b interval."
negative_blur_cancellation-05-E2_reference_consensus,negative_blur_cancellation,sample q=0.6 and geometry b=-0.6 in the primary state,primary state; three references; majority self-consistency,FLAG,PASS,True,1.0,0.0,0.0,1.0,0.004147200001170859,20261225,"scene gain U(0.85,1.15); random phase; declared bounded noise; failure-specific reference/gain/geometry state","A single relative slope observes b+q, so b=-q cancels; registered geometry narrows the allowed b interval."
negative_blur_cancellation-05-E3_controlled_geometry,negative_blur_cancellation,sample q=0.6 and geometry b=-0.6 in the primary state,primary plus registered high-SNR geometry state; one reference each,FLAG,FLAG,False,0.0,1.0,0.0,1.0,0.0018501000013202429,20261225,"scene gain U(0.85,1.15); random phase; declared bounded noise; failure-specific reference/gain/geometry state","A single relative slope observes b+q, so b=-q cancels; registered geometry narrows the allowed b interval."
negative_blur_cancellation-05-E4_secondary_optical_hypothesis,negative_blur_cancellation,sample q=0.6 and geometry b=-0.6 in the primary state,primary plus hypothetical residue-sensitive optical state,FLAG,UNKNOWN,False,0.0,0.0,1.0,0.0,0.0019643999985419214,20261225,"scene gain U(0.85,1.15); random phase; declared bounded noise; failure-specific reference/gain/geometry state","A single relative slope observes b+q, so b=-q cancels; registered geometry narrows the allowed b interval."
negative_blur_cancellation-05-v1_retained,negative_blur_cancellation,sample q=0.6 and geometry b=-0.6 in the primary state,three-reference consensus and gain guard in primary + registered high-SNR state,FLAG,FLAG,False,0.0,1.0,0.0,1.0,0.008599199998570839,20261225,"scene gain U(0.85,1.15); random phase; declared bounded noise; failure-specific reference/gain/geometry state","A single relative slope observes b+q, so b=-q cancels; registered geometry narrows the allowed b interval."
negative_blur_cancellation-06-v0_single_reference,negative_blur_cancellation,sample q=0.6 and geometry b=-0.6 in the primary state,primary state; one reference; 48 reference + 48 sample frames,FLAG,PASS,True,1.0,0.0,0.0,1.0,0.0011959999974351376,20261226,"scene gain U(0.85,1.15); random phase; declared bounded noise; failure-specific reference/gain/geometry state","A single relative slope observes b+q, so b=-q cancels; registered geometry narrows the allowed b interval."
negative_blur_cancellation-06-E1_gain_guard,negative_blur_cancellation,sample q=0.6 and geometry b=-0.6 in the primary state,primary state; one reference; bounded absolute gain ratio,FLAG,PASS,True,1.0,0.0,0.0,1.0,0.0013675000009243377,20261226,"scene gain U(0.85,1.15); random phase; declared bounded noise; failure-specific reference/gain/geometry state","A single relative slope observes b+q, so b=-q cancels; registered geometry narrows the allowed b interval."
negative_blur_cancellation-06-E2_reference_consensus,negative_blur_cancellation,sample q=0.6 and geometry b=-0.6 in the primary state,primary state; three references; majority self-consistency,FLAG,PASS,True,1.0,0.0,0.0,1.0,0.004220300001179567,20261226,"scene gain U(0.85,1.15); random phase; declared bounded noise; failure-specific reference/gain/geometry state","A single relative slope observes b+q, so b=-q cancels; registered geometry narrows the allowed b interval."
negative_blur_cancellation-06-E3_controlled_geometry,negative_blur_cancellation,sample q=0.6 and geometry b=-0.6 in the primary state,primary plus registered high-SNR geometry state; one reference each,FLAG,FLAG,False,0.0,1.0,0.0,1.0,0.0018779000020003878,20261226,"scene gain U(0.85,1.15); random phase; declared bounded noise; failure-specific reference/gain/geometry state","A single relative slope observes b+q, so b=-q cancels; registered geometry narrows the allowed b interval."
negative_blur_cancellation-06-E4_secondary_optical_hypothesis,negative_blur_cancellation,sample q=0.6 and geometry b=-0.6 in the primary state,primary plus hypothetical residue-sensitive optical state,FLAG,UNKNOWN,False,0.0,0.0,1.0,0.0,0.0017435000008845236,20261226,"scene gain U(0.85,1.15); random phase; declared bounded noise; failure-specific reference/gain/geometry state","A single relative slope observes b+q, so b=-q cancels; registered geometry narrows the allowed b interval."
negative_blur_cancellation-06-v1_retained,negative_blur_cancellation,sample q=0.6 and geometry b=-0.6 in the primary state,three-reference consensus and gain guard in primary + registered high-SNR state,FLAG,FLAG,False,0.0,1.0,0.0,1.0,0.008556199998565717,20261226,"scene gain U(0.85,1.15); random phase; declared bounded noise; failure-specific reference/gain/geometry state","A single relative slope observes b+q, so b=-q cancels; registered geometry narrows the allowed b interval."
negative_blur_cancellation-07-v0_single_reference,negative_blur_cancellation,sample q=0.6 and geometry b=-0.6 in the primary state,primary state; one reference; 48 reference + 48 sample frames,FLAG,PASS,True,1.0,0.0,0.0,1.0,0.0011400000003050081,20261227,"scene gain U(0.85,1.15); random phase; declared bounded noise; failure-specific reference/gain/geometry state","A single relative slope observes b+q, so b=-q cancels; registered geometry narrows the allowed b interval."
negative_blur_cancellation-07-E1_gain_guard,negative_blur_cancellation,sample q=0.6 and geometry b=-0.6 in the primary state,primary state; one reference; bounded absolute gain ratio,FLAG,PASS,True,1.0,0.0,0.0,1.0,0.0012912999991385732,20261227,"scene gain U(0.85,1.15); random phase; declared bounded noise; failure-specific reference/gain/geometry state","A single relative slope observes b+q, so b=-q cancels; registered geometry narrows the allowed b interval."
negative_blur_cancellation-07-E2_reference_consensus,negative_blur_cancellation,sample q=0.6 and geometry b=-0.6 in the primary state,primary state; three references; majority self-consistency,FLAG,PASS,True,1.0,0.0,0.0,1.0,0.004470599997148383,20261227,"scene gain U(0.85,1.15); random phase; declared bounded noise; failure-specific reference/gain/geometry state","A single relative slope observes b+q, so b=-q cancels; registered geometry narrows the allowed b interval."
negative_blur_cancellation-07-E3_controlled_geometry,negative_blur_cancellation,sample q=0.6 and geometry b=-0.6 in the primary state,primary plus registered high-SNR geometry state; one reference each,FLAG,FLAG,False,0.0,1.0,0.0,1.0,0.001833700000133831,20261227,"scene gain U(0.85,1.15); random phase; declared bounded noise; failure-specific reference/gain/geometry state","A single relative slope observes b+q, so b=-q cancels; registered geometry narrows the allowed b interval."
negative_blur_cancellation-07-E4_secondary_optical_hypothesis,negative_blur_cancellation,sample q=0.6 and geometry b=-0.6 in the primary state,primary plus hypothetical residue-sensitive optical state,FLAG,UNKNOWN,False,0.0,0.0,1.0,0.0,0.0017140000018116552,20261227,"scene gain U(0.85,1.15); random phase; declared bounded noise; failure-specific reference/gain/geometry state","A single relative slope observes b+q, so b=-q cancels; registered geometry narrows the allowed b interval."
negative_blur_cancellation-07-v1_retained,negative_blur_cancellation,sample q=0.6 and geometry b=-0.6 in the primary state,three-reference consensus and gain guard in primary + registered high-SNR state,FLAG,FLAG,False,0.0,1.0,0.0,1.0,0.00891079999928479,20261227,"scene gain U(0.85,1.15); random phase; declared bounded noise; failure-specific reference/gain/geometry state","A single relative slope observes b+q, so b=-q cancels; registered geometry narrows the allowed b interval."
