search,case,support,support_bin,morphology,baseline_decision,selected_decision,selected_reason
original_400_replay,search_0,0.3488049676917921,>5%,particles,FLAG,FLAG,positive_contamination_evidence
original_400_replay,search_1,0.17204303588038342,>5%,patchy,FLAG,FLAG,positive_contamination_evidence
original_400_replay,search_2,0.012868930269842057,1-2%,streak,FLAG,FLAG,positive_contamination_evidence
original_400_replay,search_3,0.0064786584096927675,<1%,patchy,PASS,PASS,complete_clean_certificate
original_400_replay,search_4,0.031054277882907474,2-5%,streak,PASS,UNKNOWN,spatial_certificate_failed
original_400_replay,search_5,0.04987241204256761,2-5%,streak,UNKNOWN,UNKNOWN,insufficient_or_incompatible_evidence
original_400_replay,search_6,0.002051719465646787,<1%,particles,PASS,PASS,complete_clean_certificate
original_400_replay,search_7,0.20396067467993792,>5%,particles,FLAG,FLAG,positive_contamination_evidence
original_400_replay,search_8,0.10832606845468523,>5%,patchy,FLAG,FLAG,positive_contamination_evidence
original_400_replay,search_9,0.7327705192218104,>5%,particles,UNKNOWN,UNKNOWN,insufficient_or_incompatible_evidence
original_400_replay,search_10,0.004739877147298435,<1%,streak,PASS,UNKNOWN,spatial_certificate_failed
original_400_replay,search_11,0.39827245690903906,>5%,patchy,UNKNOWN,UNKNOWN,insufficient_or_incompatible_evidence
original_400_replay,search_12,0.005198401562933167,<1%,droplet,PASS,PASS,complete_clean_certificate
original_400_replay,search_13,0.10295066624351105,>5%,patchy,FLAG,FLAG,positive_contamination_evidence
original_400_replay,search_14,0.49668732720352704,>5%,streak,FLAG,FLAG,positive_contamination_evidence
original_400_replay,search_15,0.153706446044558,>5%,particles,UNKNOWN,UNKNOWN,insufficient_or_incompatible_evidence
original_400_replay,search_16,0.34332761479208984,>5%,particles,FLAG,FLAG,positive_contamination_evidence
original_400_replay,search_17,0.013846541273571905,1-2%,streak,PASS,UNKNOWN,spatial_certificate_failed
original_400_replay,search_18,0.027275844227390197,2-5%,streak,PASS,UNKNOWN,spatial_certificate_failed
original_400_replay,search_19,0.008012243301731385,<1%,particles,PASS,PASS,complete_clean_certificate
original_400_replay,search_20,0.05619103466651583,>5%,particles,FLAG,FLAG,positive_contamination_evidence
original_400_replay,search_21,0.010123847194215866,1-2%,patchy,FLAG,FLAG,positive_contamination_evidence
original_400_replay,search_22,0.017238146708272627,1-2%,particles,FLAG,FLAG,positive_contamination_evidence
original_400_replay,search_23,0.004807573022996413,<1%,particles,PASS,PASS,complete_clean_certificate
original_400_replay,search_24,0.23735173141882432,>5%,streak,FLAG,FLAG,positive_contamination_evidence
original_400_replay,search_25,0.055097925555451135,>5%,streak,UNKNOWN,UNKNOWN,insufficient_or_incompatible_evidence
original_400_replay,search_26,0.0025420774200907536,<1%,droplet,PASS,PASS,complete_clean_certificate
original_400_replay,search_27,0.03972022263273257,2-5%,streak,PASS,UNKNOWN,spatial_certificate_failed
original_400_replay,search_28,0.13447511191995867,>5%,streak,FLAG,FLAG,positive_contamination_evidence
original_400_replay,search_29,0.019308799659548546,1-2%,particles,PASS,PASS,complete_clean_certificate
original_400_replay,search_30,0.002744969301471744,<1%,streak,FLAG,FLAG,positive_contamination_evidence
original_400_replay,search_31,0.060349266222322666,>5%,patchy,FLAG,FLAG,positive_contamination_evidence
original_400_replay,search_32,0.007699648006116262,<1%,droplet,PASS,PASS,complete_clean_certificate
original_400_replay,search_33,0.011458527986625307,1-2%,streak,PASS,UNKNOWN,spatial_certificate_failed
original_400_replay,search_34,0.01959893519744348,1-2%,droplet,FLAG,FLAG,positive_contamination_evidence
original_400_replay,search_35,0.32374278173243287,>5%,patchy,FLAG,FLAG,positive_contamination_evidence
original_400_replay,search_36,0.16030895229804965,>5%,streak,UNKNOWN,UNKNOWN,insufficient_or_incompatible_evidence
original_400_replay,search_37,0.0023285305920222265,<1%,particles,PASS,PASS,complete_clean_certificate
original_400_replay,search_38,0.05810336498836335,>5%,droplet,UNKNOWN,UNKNOWN,insufficient_or_incompatible_evidence
original_400_replay,search_39,0.02000215117434113,2-5%,patchy,FLAG,FLAG,positive_contamination_evidence
original_400_replay,search_40,0.0048523476331287525,<1%,streak,FLAG,FLAG,positive_contamination_evidence
original_400_replay,search_41,0.10971668517922283,>5%,particles,UNKNOWN,UNKNOWN,insufficient_or_incompatible_evidence
original_400_replay,search_42,0.06547809644972101,>5%,particles,UNKNOWN,UNKNOWN,insufficient_or_incompatible_evidence
original_400_replay,search_43,0.34830047667125424,>5%,particles,FLAG,FLAG,positive_contamination_evidence
original_400_replay,search_44,0.12924031221762566,>5%,droplet,UNKNOWN,UNKNOWN,insufficient_or_incompatible_evidence
original_400_replay,search_45,0.008292430662142887,<1%,droplet,PASS,PASS,complete_clean_certificate
original_400_replay,search_46,0.004169273005487447,<1%,particles,PASS,PASS,complete_clean_certificate
original_400_replay,search_47,0.1252635016546061,>5%,streak,FLAG,FLAG,positive_contamination_evidence
original_400_replay,search_48,0.2921916518119818,>5%,patchy,UNKNOWN,UNKNOWN,insufficient_or_incompatible_evidence
original_400_replay,search_49,0.012423447089544619,1-2%,droplet,FLAG,FLAG,positive_contamination_evidence
original_400_replay,search_50,0.04873056174697697,2-5%,droplet,PASS,UNKNOWN,spatial_certificate_failed
original_400_replay,search_51,0.0033447806438197114,<1%,streak,FLAG,FLAG,positive_contamination_evidence
original_400_replay,search_52,0.006213946712184645,<1%,patchy,FLAG,FLAG,positive_contamination_evidence
original_400_replay,search_53,0.32301481160576134,>5%,droplet,FLAG,FLAG,positive_contamination_evidence
original_400_replay,search_54,0.07836086827967055,>5%,particles,FLAG,FLAG,positive_contamination_evidence
original_400_replay,search_55,0.061906204560520914,>5%,particles,UNKNOWN,UNKNOWN,insufficient_or_incompatible_evidence
original_400_replay,search_56,0.011023762331769446,1-2%,particles,FLAG,FLAG,positive_contamination_evidence
original_400_replay,search_57,0.39058289940779645,>5%,droplet,UNKNOWN,UNKNOWN,insufficient_or_incompatible_evidence
original_400_replay,search_58,0.17010043419267795,>5%,particles,FLAG,FLAG,positive_contamination_evidence
original_400_replay,search_59,0.0913367054586636,>5%,particles,FLAG,FLAG,positive_contamination_evidence
original_400_replay,search_60,0.0680053742979736,>5%,streak,UNKNOWN,UNKNOWN,insufficient_or_incompatible_evidence
original_400_replay,search_61,0.15867869277482707,>5%,streak,FLAG,FLAG,positive_contamination_evidence
original_400_replay,search_62,0.17349636822560863,>5%,streak,UNKNOWN,UNKNOWN,insufficient_or_incompatible_evidence
original_400_replay,search_63,0.003217100123700156,<1%,patchy,FLAG,FLAG,positive_contamination_evidence
original_400_replay,search_64,0.05414890668993074,>5%,streak,UNKNOWN,UNKNOWN,insufficient_or_incompatible_evidence
original_400_replay,search_65,0.004637835804204221,<1%,streak,PASS,UNKNOWN,spatial_certificate_failed
original_400_replay,search_66,0.08515818221845159,>5%,patchy,FLAG,FLAG,positive_contamination_evidence
original_400_replay,search_67,0.2228359637081135,>5%,patchy,FLAG,FLAG,positive_contamination_evidence
original_400_replay,search_68,0.0020842040360480514,<1%,particles,PASS,PASS,complete_clean_certificate
original_400_replay,search_69,0.180190543512596,>5%,droplet,FLAG,FLAG,positive_contamination_evidence
original_400_replay,search_70,0.002744644498120636,<1%,particles,PASS,PASS,complete_clean_certificate
original_400_replay,search_71,0.006791752042862997,<1%,streak,FLAG,FLAG,positive_contamination_evidence
original_400_replay,search_72,0.004117040064860391,<1%,patchy,PASS,PASS,complete_clean_certificate
original_400_replay,search_73,0.016738454667501856,1-2%,droplet,FLAG,FLAG,positive_contamination_evidence
original_400_replay,search_74,0.4079288289792203,>5%,particles,FLAG,FLAG,positive_contamination_evidence
original_400_replay,search_75,0.4440556828173919,>5%,droplet,FLAG,FLAG,positive_contamination_evidence
original_400_replay,search_76,0.007335986955538227,<1%,patchy,PASS,PASS,complete_clean_certificate
original_400_replay,search_77,0.017499799063461333,1-2%,droplet,PASS,UNKNOWN,spatial_certificate_failed
original_400_replay,search_78,0.08408562716467162,>5%,particles,UNKNOWN,UNKNOWN,insufficient_or_incompatible_evidence
original_400_replay,search_79,0.06921725402218244,>5%,particles,FLAG,FLAG,positive_contamination_evidence
original_400_replay,search_80,0.03922960560954065,2-5%,streak,FLAG,FLAG,positive_contamination_evidence
original_400_replay,search_81,0.021223258862583163,2-5%,patchy,PASS,PASS,complete_clean_certificate
original_400_replay,search_82,0.017451899127593724,1-2%,patchy,PASS,PASS,complete_clean_certificate
original_400_replay,search_83,0.5784650834715971,>5%,patchy,FLAG,FLAG,positive_contamination_evidence
original_400_replay,search_84,0.1860579803053314,>5%,streak,FLAG,FLAG,positive_contamination_evidence
original_400_replay,search_85,0.46494775102449726,>5%,patchy,FLAG,FLAG,positive_contamination_evidence
original_400_replay,search_86,0.004756729173558938,<1%,particles,PASS,PASS,complete_clean_certificate
original_400_replay,search_87,0.4038185400600339,>5%,streak,FLAG,FLAG,positive_contamination_evidence
original_400_replay,search_88,0.3209774072133721,>5%,streak,FLAG,FLAG,positive_contamination_evidence
original_400_replay,search_89,0.13676639636321083,>5%,streak,UNKNOWN,UNKNOWN,insufficient_or_incompatible_evidence
original_400_replay,search_90,0.12212881493803489,>5%,droplet,FLAG,FLAG,positive_contamination_evidence
original_400_replay,search_91,0.02989042175249801,2-5%,streak,FLAG,FLAG,positive_contamination_evidence
original_400_replay,search_92,0.021543666696744464,2-5%,particles,PASS,PASS,complete_clean_certificate
original_400_replay,search_93,0.004800098891325569,<1%,droplet,PASS,PASS,complete_clean_certificate
original_400_replay,search_94,0.007662157441091366,<1%,streak,FLAG,FLAG,positive_contamination_evidence
original_400_replay,search_95,0.7205355844463011,>5%,patchy,FLAG,FLAG,positive_contamination_evidence
original_400_replay,search_96,0.029067260923539347,2-5%,particles,FLAG,FLAG,positive_contamination_evidence
original_400_replay,search_97,0.018136959469480407,1-2%,particles,FLAG,FLAG,positive_contamination_evidence
original_400_replay,search_98,0.007912432882543891,<1%,streak,FLAG,FLAG,positive_contamination_evidence
original_400_replay,search_99,0.011798721154781297,1-2%,particles,FLAG,FLAG,positive_contamination_evidence
original_400_replay,search_100,0.0041151146723156645,<1%,droplet,PASS,PASS,complete_clean_certificate
original_400_replay,search_101,0.08055552964405668,>5%,patchy,FLAG,FLAG,positive_contamination_evidence
original_400_replay,search_102,0.008775376596594596,<1%,streak,FLAG,FLAG,positive_contamination_evidence
original_400_replay,search_103,0.002460023096417379,<1%,streak,PASS,UNKNOWN,spatial_certificate_failed
original_400_replay,search_104,0.16149797584637268,>5%,streak,FLAG,FLAG,positive_contamination_evidence
original_400_replay,search_105,0.5374059775979378,>5%,streak,FLAG,FLAG,positive_contamination_evidence
original_400_replay,search_106,0.05848113257074367,>5%,patchy,FLAG,FLAG,positive_contamination_evidence
original_400_replay,search_107,0.5348506772225751,>5%,streak,FLAG,FLAG,positive_contamination_evidence
original_400_replay,search_108,0.004488381633196341,<1%,particles,FLAG,FLAG,positive_contamination_evidence
original_400_replay,search_109,0.41192748278666097,>5%,droplet,FLAG,FLAG,positive_contamination_evidence
original_400_replay,search_110,0.057710515405933194,>5%,streak,FLAG,FLAG,positive_contamination_evidence
original_400_replay,search_111,0.07812363645061254,>5%,particles,UNKNOWN,UNKNOWN,insufficient_or_incompatible_evidence
original_400_replay,search_112,0.16379384023846416,>5%,patchy,UNKNOWN,UNKNOWN,insufficient_or_incompatible_evidence
original_400_replay,search_113,0.667507804458144,>5%,particles,FLAG,FLAG,positive_contamination_evidence
original_400_replay,search_114,0.2742273788491525,>5%,patchy,UNKNOWN,UNKNOWN,insufficient_or_incompatible_evidence
original_400_replay,search_115,0.003818379923558783,<1%,particles,PASS,PASS,complete_clean_certificate
original_400_replay,search_116,0.08539900114270177,>5%,particles,FLAG,FLAG,positive_contamination_evidence
original_400_replay,search_117,0.017453408352825946,1-2%,droplet,PASS,UNKNOWN,spatial_certificate_failed
original_400_replay,search_118,0.10382832848477748,>5%,droplet,FLAG,FLAG,positive_contamination_evidence
original_400_replay,search_119,0.4786114039177181,>5%,streak,FLAG,FLAG,positive_contamination_evidence
original_400_replay,search_120,0.0021118433373630238,<1%,droplet,PASS,PASS,complete_clean_certificate
original_400_replay,search_121,0.007928932549819825,<1%,droplet,PASS,PASS,complete_clean_certificate
original_400_replay,search_122,0.018597240803037783,1-2%,droplet,PASS,UNKNOWN,spatial_certificate_failed
original_400_replay,search_123,0.5755200601096249,>5%,patchy,FLAG,FLAG,positive_contamination_evidence
original_400_replay,search_124,0.1314233208431291,>5%,droplet,FLAG,FLAG,positive_contamination_evidence
original_400_replay,search_125,0.04827166557003389,2-5%,patchy,PASS,PASS,complete_clean_certificate
original_400_replay,search_126,0.0871641531700729,>5%,droplet,UNKNOWN,UNKNOWN,insufficient_or_incompatible_evidence
original_400_replay,search_127,0.007471353078867737,<1%,streak,PASS,UNKNOWN,spatial_certificate_failed
original_400_replay,search_128,0.271542261170649,>5%,streak,FLAG,FLAG,positive_contamination_evidence
original_400_replay,search_129,0.175775785298594,>5%,droplet,UNKNOWN,UNKNOWN,insufficient_or_incompatible_evidence
original_400_replay,search_130,0.0068267926844604665,<1%,droplet,PASS,PASS,complete_clean_certificate
original_400_replay,search_131,0.5429022431065924,>5%,patchy,FLAG,FLAG,positive_contamination_evidence
original_400_replay,search_132,0.011220183623680713,1-2%,patchy,PASS,PASS,complete_clean_certificate
original_400_replay,search_133,0.005847604151326682,<1%,droplet,PASS,PASS,complete_clean_certificate
original_400_replay,search_134,0.10492047305234786,>5%,particles,UNKNOWN,UNKNOWN,insufficient_or_incompatible_evidence
original_400_replay,search_135,0.014248683072238595,1-2%,droplet,PASS,UNKNOWN,spatial_certificate_failed
original_400_replay,search_136,0.04706384532435008,2-5%,streak,FLAG,FLAG,positive_contamination_evidence
original_400_replay,search_137,0.0036009355814704282,<1%,droplet,PASS,PASS,complete_clean_certificate
original_400_replay,search_138,0.006905965013669448,<1%,patchy,PASS,PASS,complete_clean_certificate
original_400_replay,search_139,0.00568454730472383,<1%,patchy,PASS,PASS,complete_clean_certificate
original_400_replay,search_140,0.006071719281949419,<1%,particles,PASS,PASS,complete_clean_certificate
original_400_replay,search_141,0.693473630226758,>5%,patchy,FLAG,FLAG,positive_contamination_evidence
original_400_replay,search_142,0.6257130590578139,>5%,patchy,FLAG,FLAG,positive_contamination_evidence
original_400_replay,search_143,0.019654425921022504,1-2%,patchy,FLAG,FLAG,positive_contamination_evidence
original_400_replay,search_144,0.023899251171829432,2-5%,patchy,PASS,PASS,complete_clean_certificate
original_400_replay,search_145,0.0137401915085101,1-2%,droplet,FLAG,FLAG,positive_contamination_evidence
original_400_replay,search_146,0.08598243043002288,>5%,droplet,FLAG,FLAG,positive_contamination_evidence
original_400_replay,search_147,0.05344484690235913,>5%,patchy,UNKNOWN,UNKNOWN,insufficient_or_incompatible_evidence
original_400_replay,search_148,0.6366921079089833,>5%,patchy,UNKNOWN,UNKNOWN,insufficient_or_incompatible_evidence
original_400_replay,search_149,0.003172421995101253,<1%,particles,PASS,PASS,complete_clean_certificate
original_400_replay,search_150,0.0045256849015363485,<1%,patchy,FLAG,FLAG,positive_contamination_evidence
original_400_replay,search_151,0.021179806784977013,2-5%,streak,PASS,UNKNOWN,spatial_certificate_failed
original_400_replay,search_152,0.005322767833193794,<1%,droplet,PASS,PASS,complete_clean_certificate
original_400_replay,search_153,0.003368961647499204,<1%,particles,FLAG,FLAG,positive_contamination_evidence
original_400_replay,search_154,0.6969932334075593,>5%,streak,FLAG,FLAG,positive_contamination_evidence
original_400_replay,search_155,0.11316475036515855,>5%,particles,UNKNOWN,UNKNOWN,insufficient_or_incompatible_evidence
original_400_replay,search_156,0.08596677127735067,>5%,streak,UNKNOWN,UNKNOWN,insufficient_or_incompatible_evidence
original_400_replay,search_157,0.09972587478411934,>5%,patchy,UNKNOWN,UNKNOWN,insufficient_or_incompatible_evidence
original_400_replay,search_158,0.004261842380470705,<1%,particles,FLAG,FLAG,positive_contamination_evidence
original_400_replay,search_159,0.38838812133489203,>5%,droplet,FLAG,FLAG,positive_contamination_evidence
original_400_replay,search_160,0.07726664833864427,>5%,particles,UNKNOWN,UNKNOWN,insufficient_or_incompatible_evidence
original_400_replay,search_161,0.13633772486091753,>5%,streak,FLAG,FLAG,positive_contamination_evidence
original_400_replay,search_162,0.012725349150771802,1-2%,droplet,PASS,UNKNOWN,spatial_certificate_failed
original_400_replay,search_163,0.20316998114195123,>5%,droplet,FLAG,FLAG,positive_contamination_evidence
original_400_replay,search_164,0.09483159768679315,>5%,patchy,UNKNOWN,UNKNOWN,insufficient_or_incompatible_evidence
original_400_replay,search_165,0.10927376949246473,>5%,particles,FLAG,FLAG,positive_contamination_evidence
original_400_replay,search_166,0.06000228558893246,>5%,particles,FLAG,FLAG,positive_contamination_evidence
original_400_replay,search_167,0.33504048504215833,>5%,particles,UNKNOWN,UNKNOWN,insufficient_or_incompatible_evidence
original_400_replay,search_168,0.005032416296590568,<1%,droplet,FLAG,FLAG,positive_contamination_evidence
original_400_replay,search_169,0.005797668342738484,<1%,particles,FLAG,FLAG,positive_contamination_evidence
original_400_replay,search_170,0.002168906294315623,<1%,droplet,PASS,PASS,complete_clean_certificate
original_400_replay,search_171,0.5749004665378141,>5%,streak,FLAG,FLAG,positive_contamination_evidence
original_400_replay,search_172,0.02653236581671354,2-5%,streak,PASS,UNKNOWN,spatial_certificate_failed
original_400_replay,search_173,0.39492805059775643,>5%,streak,FLAG,FLAG,positive_contamination_evidence
original_400_replay,search_174,0.44765153744397507,>5%,patchy,FLAG,FLAG,positive_contamination_evidence
original_400_replay,search_175,0.00723095107258399,<1%,particles,PASS,PASS,complete_clean_certificate
original_400_replay,search_176,0.01829623602958178,1-2%,patchy,FLAG,FLAG,positive_contamination_evidence
original_400_replay,search_177,0.006751410517941755,<1%,streak,PASS,UNKNOWN,spatial_certificate_failed
original_400_replay,search_178,0.09440581080032316,>5%,droplet,FLAG,FLAG,positive_contamination_evidence
original_400_replay,search_179,0.0022251906307976595,<1%,particles,PASS,PASS,complete_clean_certificate
original_400_replay,search_180,0.003096196334608339,<1%,droplet,PASS,PASS,complete_clean_certificate
original_400_replay,search_181,0.003145647830840383,<1%,patchy,PASS,PASS,complete_clean_certificate
original_400_replay,search_182,0.04805922070091629,2-5%,particles,PASS,PASS,complete_clean_certificate
original_400_replay,search_183,0.057218442454582255,>5%,patchy,FLAG,FLAG,positive_contamination_evidence
original_400_replay,search_184,0.06897109121306128,>5%,patchy,UNKNOWN,UNKNOWN,insufficient_or_incompatible_evidence
original_400_replay,search_185,0.01972872480824972,1-2%,patchy,PASS,PASS,complete_clean_certificate
original_400_replay,search_186,0.02503352285715274,2-5%,streak,FLAG,FLAG,positive_contamination_evidence
original_400_replay,search_187,0.023948611378673698,2-5%,patchy,FLAG,FLAG,positive_contamination_evidence
original_400_replay,search_188,0.020001580940096426,2-5%,streak,PASS,UNKNOWN,spatial_certificate_failed
original_400_replay,search_189,0.7138558000454802,>5%,streak,FLAG,FLAG,positive_contamination_evidence
original_400_replay,search_190,0.06258320628876923,>5%,patchy,FLAG,FLAG,positive_contamination_evidence
original_400_replay,search_191,0.30527717197532683,>5%,streak,UNKNOWN,UNKNOWN,insufficient_or_incompatible_evidence
original_400_replay,search_192,0.005788254894556228,<1%,particles,PASS,PASS,complete_clean_certificate
original_400_replay,search_193,0.087340553811425,>5%,patchy,UNKNOWN,UNKNOWN,insufficient_or_incompatible_evidence
original_400_replay,search_194,0.29328154014761154,>5%,patchy,UNKNOWN,UNKNOWN,insufficient_or_incompatible_evidence
original_400_replay,search_195,0.0023055048970651746,<1%,droplet,PASS,PASS,complete_clean_certificate
original_400_replay,search_196,0.11245479453440427,>5%,streak,FLAG,FLAG,positive_contamination_evidence
original_400_replay,search_197,0.004785797884913588,<1%,streak,PASS,UNKNOWN,spatial_certificate_failed
original_400_replay,search_198,0.00615300646639378,<1%,patchy,FLAG,FLAG,positive_contamination_evidence
original_400_replay,search_199,0.00351517804391641,<1%,droplet,PASS,PASS,complete_clean_certificate
original_400_replay,search_200,0.00942386259704947,<1%,streak,PASS,UNKNOWN,spatial_certificate_failed
original_400_replay,search_201,0.00968673751968765,<1%,particles,PASS,PASS,complete_clean_certificate
original_400_replay,search_202,0.048625684598418414,2-5%,particles,PASS,PASS,complete_clean_certificate
original_400_replay,search_203,0.7166300422722756,>5%,droplet,FLAG,FLAG,positive_contamination_evidence
original_400_replay,search_204,0.20439362701247357,>5%,particles,FLAG,FLAG,positive_contamination_evidence
original_400_replay,search_205,0.358919100200161,>5%,droplet,FLAG,FLAG,positive_contamination_evidence
original_400_replay,search_206,0.18065864566137066,>5%,droplet,FLAG,FLAG,positive_contamination_evidence
original_400_replay,search_207,0.03777012242227273,2-5%,patchy,FLAG,FLAG,positive_contamination_evidence
original_400_replay,search_208,0.0490677524798467,2-5%,particles,PASS,PASS,complete_clean_certificate
original_400_replay,search_209,0.005589230483233821,<1%,streak,FLAG,FLAG,positive_contamination_evidence
original_400_replay,search_210,0.003950132496402188,<1%,droplet,PASS,PASS,complete_clean_certificate
original_400_replay,search_211,0.2414634785825176,>5%,particles,UNKNOWN,UNKNOWN,insufficient_or_incompatible_evidence
original_400_replay,search_212,0.5728859079417459,>5%,particles,FLAG,FLAG,positive_contamination_evidence
original_400_replay,search_213,0.018692896563278272,1-2%,droplet,PASS,UNKNOWN,spatial_certificate_failed
original_400_replay,search_214,0.003964100293909604,<1%,patchy,PASS,PASS,complete_clean_certificate
original_400_replay,search_215,0.00820408896816439,<1%,streak,FLAG,FLAG,positive_contamination_evidence
original_400_replay,search_216,0.005835410100773543,<1%,patchy,PASS,PASS,complete_clean_certificate
original_400_replay,search_217,0.08307830424215934,>5%,patchy,UNKNOWN,UNKNOWN,insufficient_or_incompatible_evidence
original_400_replay,search_218,0.016830088463174932,1-2%,droplet,FLAG,FLAG,positive_contamination_evidence
original_400_replay,search_219,0.019401763751830108,1-2%,patchy,PASS,PASS,complete_clean_certificate
original_400_replay,search_220,0.0026083379265697455,<1%,streak,PASS,UNKNOWN,spatial_certificate_failed
original_400_replay,search_221,0.02366886102075098,2-5%,patchy,PASS,UNKNOWN,spatial_certificate_failed
original_400_replay,search_222,0.07702289191075098,>5%,particles,UNKNOWN,UNKNOWN,insufficient_or_incompatible_evidence
original_400_replay,search_223,0.007278765918877039,<1%,streak,PASS,UNKNOWN,spatial_certificate_failed
original_400_replay,search_224,0.0786980475269737,>5%,droplet,FLAG,FLAG,positive_contamination_evidence
original_400_replay,search_225,0.3237463081047537,>5%,particles,UNKNOWN,UNKNOWN,insufficient_or_incompatible_evidence
original_400_replay,search_226,0.18077376977523932,>5%,streak,FLAG,FLAG,positive_contamination_evidence
original_400_replay,search_227,0.006493468967230259,<1%,particles,FLAG,FLAG,positive_contamination_evidence
original_400_replay,search_228,0.06756113213820311,>5%,droplet,UNKNOWN,UNKNOWN,insufficient_or_incompatible_evidence
original_400_replay,search_229,0.057724529183726545,>5%,streak,UNKNOWN,UNKNOWN,insufficient_or_incompatible_evidence
original_400_replay,search_230,0.05112706658447531,>5%,particles,UNKNOWN,UNKNOWN,insufficient_or_incompatible_evidence
original_400_replay,search_231,0.0260730774515571,2-5%,particles,PASS,PASS,complete_clean_certificate
original_400_replay,search_232,0.07382167727582381,>5%,particles,FLAG,FLAG,positive_contamination_evidence
original_400_replay,search_233,0.002290121260606127,<1%,particles,PASS,PASS,complete_clean_certificate
original_400_replay,search_234,0.0022436765472517856,<1%,particles,PASS,PASS,complete_clean_certificate
original_400_replay,search_235,0.3965399292196348,>5%,patchy,FLAG,FLAG,positive_contamination_evidence
original_400_replay,search_236,0.1507639071861366,>5%,droplet,UNKNOWN,UNKNOWN,insufficient_or_incompatible_evidence
original_400_replay,search_237,0.14381716439427264,>5%,patchy,FLAG,FLAG,positive_contamination_evidence
original_400_replay,search_238,0.014966420992559109,1-2%,streak,FLAG,FLAG,positive_contamination_evidence
original_400_replay,search_239,0.09979014338280039,>5%,streak,UNKNOWN,UNKNOWN,insufficient_or_incompatible_evidence
original_400_replay,search_240,0.009459252365438747,<1%,patchy,PASS,PASS,complete_clean_certificate
original_400_replay,search_241,0.037633895834324756,2-5%,patchy,PASS,UNKNOWN,spatial_certificate_failed
original_400_replay,search_242,0.1485939545300868,>5%,particles,FLAG,FLAG,positive_contamination_evidence
original_400_replay,search_243,0.007260388269716463,<1%,patchy,PASS,PASS,complete_clean_certificate
original_400_replay,search_244,0.013880318603499652,1-2%,droplet,PASS,UNKNOWN,spatial_certificate_failed
original_400_replay,search_245,0.24554139489007712,>5%,particles,UNKNOWN,UNKNOWN,insufficient_or_incompatible_evidence
original_400_replay,search_246,0.022886770277735266,2-5%,patchy,PASS,PASS,complete_clean_certificate
original_400_replay,search_247,0.4929600381692295,>5%,droplet,FLAG,FLAG,positive_contamination_evidence
original_400_replay,search_248,0.024677742941734814,2-5%,particles,FLAG,FLAG,positive_contamination_evidence
original_400_replay,search_249,0.0041899883417755865,<1%,patchy,PASS,PASS,complete_clean_certificate
original_400_replay,search_250,0.7302032656744203,>5%,patchy,FLAG,FLAG,positive_contamination_evidence
original_400_replay,search_251,0.02186949258288293,2-5%,patchy,PASS,PASS,complete_clean_certificate
original_400_replay,search_252,0.002056085594155477,<1%,particles,PASS,PASS,complete_clean_certificate
original_400_replay,search_253,0.006459240578968058,<1%,particles,FLAG,FLAG,positive_contamination_evidence
original_400_replay,search_254,0.003962044858626313,<1%,patchy,PASS,PASS,complete_clean_certificate
original_400_replay,search_255,0.09919820853212079,>5%,streak,FLAG,FLAG,positive_contamination_evidence
original_400_replay,search_256,0.06198983402562762,>5%,particles,UNKNOWN,UNKNOWN,insufficient_or_incompatible_evidence
original_400_replay,search_257,0.010193537811028358,1-2%,streak,PASS,UNKNOWN,spatial_certificate_failed
original_400_replay,search_258,0.155480445606994,>5%,particles,UNKNOWN,UNKNOWN,insufficient_or_incompatible_evidence
original_400_replay,search_259,0.43206384625347527,>5%,particles,UNKNOWN,UNKNOWN,insufficient_or_incompatible_evidence
original_400_replay,search_260,0.002192968326730674,<1%,patchy,PASS,PASS,complete_clean_certificate
original_400_replay,search_261,0.002457878757783898,<1%,streak,FLAG,FLAG,positive_contamination_evidence
original_400_replay,search_262,0.02603326234694474,2-5%,particles,FLAG,FLAG,positive_contamination_evidence
original_400_replay,search_263,0.015862804342664613,1-2%,streak,PASS,UNKNOWN,spatial_certificate_failed
original_400_replay,search_264,0.5791964227659706,>5%,patchy,FLAG,FLAG,positive_contamination_evidence
original_400_replay,search_265,0.03145733229503263,2-5%,patchy,PASS,PASS,complete_clean_certificate
original_400_replay,search_266,0.0072241889110946774,<1%,patchy,PASS,PASS,complete_clean_certificate
original_400_replay,search_267,0.4934877600046006,>5%,droplet,FLAG,FLAG,positive_contamination_evidence
original_400_replay,search_268,0.034427633175900724,2-5%,particles,PASS,PASS,complete_clean_certificate
original_400_replay,search_269,0.016648779305095045,1-2%,patchy,FLAG,FLAG,positive_contamination_evidence
original_400_replay,search_270,0.037299306675993744,2-5%,droplet,PASS,UNKNOWN,spatial_certificate_failed
original_400_replay,search_271,0.14584392067085603,>5%,streak,FLAG,FLAG,positive_contamination_evidence
original_400_replay,search_272,0.02022575425639553,2-5%,streak,PASS,UNKNOWN,spatial_certificate_failed
original_400_replay,search_273,0.36467360168312046,>5%,particles,FLAG,FLAG,positive_contamination_evidence
original_400_replay,search_274,0.402375342964764,>5%,patchy,FLAG,FLAG,positive_contamination_evidence
original_400_replay,search_275,0.00707172581966942,<1%,streak,PASS,UNKNOWN,spatial_certificate_failed
original_400_replay,search_276,0.4306797480617716,>5%,streak,FLAG,FLAG,positive_contamination_evidence
original_400_replay,search_277,0.006095766004636903,<1%,droplet,PASS,PASS,complete_clean_certificate
original_400_replay,search_278,0.24200234458897216,>5%,particles,FLAG,FLAG,positive_contamination_evidence
original_400_replay,search_279,0.0044068445961909525,<1%,droplet,PASS,PASS,complete_clean_certificate
original_400_replay,search_280,0.00356183984580282,<1%,streak,PASS,UNKNOWN,spatial_certificate_failed
original_400_replay,search_281,0.00595605564555075,<1%,streak,FLAG,FLAG,positive_contamination_evidence
original_400_replay,search_282,0.16720188934777844,>5%,streak,UNKNOWN,UNKNOWN,insufficient_or_incompatible_evidence
original_400_replay,search_283,0.011157885372280794,1-2%,patchy,PASS,PASS,complete_clean_certificate
original_400_replay,search_284,0.0073809925996628405,<1%,particles,PASS,PASS,complete_clean_certificate
original_400_replay,search_285,0.023216596206385852,2-5%,particles,PASS,PASS,complete_clean_certificate
original_400_replay,search_286,0.20624484526979822,>5%,streak,FLAG,FLAG,positive_contamination_evidence
original_400_replay,search_287,0.10860693122820453,>5%,particles,UNKNOWN,UNKNOWN,insufficient_or_incompatible_evidence
original_400_replay,search_288,0.026521157424261758,2-5%,droplet,PASS,UNKNOWN,spatial_certificate_failed
original_400_replay,search_289,0.016271953160540434,1-2%,particles,FLAG,FLAG,positive_contamination_evidence
original_400_replay,search_290,0.039923092118839314,2-5%,particles,FLAG,FLAG,positive_contamination_evidence
original_400_replay,search_291,0.11991909111595772,>5%,droplet,FLAG,FLAG,positive_contamination_evidence
original_400_replay,search_292,0.09461787029932306,>5%,streak,UNKNOWN,UNKNOWN,insufficient_or_incompatible_evidence
original_400_replay,search_293,0.06943773896028622,>5%,patchy,FLAG,FLAG,positive_contamination_evidence
original_400_replay,search_294,0.04651573524239737,2-5%,particles,PASS,PASS,complete_clean_certificate
original_400_replay,search_295,0.012706846722216997,1-2%,streak,PASS,UNKNOWN,spatial_certificate_failed
original_400_replay,search_296,0.010424040044638509,1-2%,patchy,PASS,PASS,complete_clean_certificate
original_400_replay,search_297,0.1276027684823848,>5%,patchy,UNKNOWN,UNKNOWN,insufficient_or_incompatible_evidence
original_400_replay,search_298,0.046458154169821554,2-5%,droplet,FLAG,FLAG,positive_contamination_evidence
original_400_replay,search_299,0.002441664823618131,<1%,streak,FLAG,FLAG,positive_contamination_evidence
original_400_replay,search_300,0.013680764710912051,1-2%,streak,PASS,UNKNOWN,spatial_certificate_failed
original_400_replay,search_301,0.0967193569670024,>5%,droplet,FLAG,FLAG,positive_contamination_evidence
original_400_replay,search_302,0.3123723555875942,>5%,particles,UNKNOWN,UNKNOWN,insufficient_or_incompatible_evidence
original_400_replay,search_303,0.004299171310288886,<1%,droplet,PASS,PASS,complete_clean_certificate
original_400_replay,search_304,0.0024374540291475177,<1%,streak,PASS,UNKNOWN,spatial_certificate_failed
original_400_replay,search_305,0.0752745409678422,>5%,patchy,FLAG,FLAG,positive_contamination_evidence
original_400_replay,search_306,0.10907627307323128,>5%,streak,FLAG,FLAG,positive_contamination_evidence
original_400_replay,search_307,0.005612163643201679,<1%,particles,FLAG,FLAG,positive_contamination_evidence
original_400_replay,search_308,0.00870883556518746,<1%,patchy,PASS,PASS,complete_clean_certificate
original_400_replay,search_309,0.02690685972705496,2-5%,particles,FLAG,FLAG,positive_contamination_evidence
original_400_replay,search_310,0.11230527704684932,>5%,patchy,FLAG,FLAG,positive_contamination_evidence
original_400_replay,search_311,0.4203004375510108,>5%,particles,UNKNOWN,UNKNOWN,insufficient_or_incompatible_evidence
original_400_replay,search_312,0.37198069323995503,>5%,droplet,UNKNOWN,UNKNOWN,insufficient_or_incompatible_evidence
original_400_replay,search_313,0.11304383137942128,>5%,particles,FLAG,FLAG,positive_contamination_evidence
original_400_replay,search_314,0.10155035499620077,>5%,streak,FLAG,FLAG,positive_contamination_evidence
original_400_replay,search_315,0.47992708474971757,>5%,droplet,FLAG,FLAG,positive_contamination_evidence
original_400_replay,search_316,0.002525566124722504,<1%,particles,PASS,PASS,complete_clean_certificate
original_400_replay,search_317,0.05851533049746502,>5%,streak,UNKNOWN,UNKNOWN,insufficient_or_incompatible_evidence
original_400_replay,search_318,0.19221823704427476,>5%,streak,UNKNOWN,UNKNOWN,insufficient_or_incompatible_evidence
original_400_replay,search_319,0.008903858036653453,<1%,droplet,PASS,PASS,complete_clean_certificate
original_400_replay,search_320,0.0031734335851971436,<1%,droplet,PASS,PASS,complete_clean_certificate
original_400_replay,search_321,0.10241997570993033,>5%,particles,FLAG,FLAG,positive_contamination_evidence
original_400_replay,search_322,0.6928275650363859,>5%,particles,FLAG,FLAG,positive_contamination_evidence
original_400_replay,search_323,0.002953105811902201,<1%,patchy,PASS,PASS,complete_clean_certificate
original_400_replay,search_324,0.05528864712125683,>5%,streak,FLAG,FLAG,positive_contamination_evidence
original_400_replay,search_325,0.009639800257716357,<1%,particles,PASS,PASS,complete_clean_certificate
original_400_replay,search_326,0.07581853030612686,>5%,droplet,UNKNOWN,UNKNOWN,insufficient_or_incompatible_evidence
original_400_replay,search_327,0.0029592691628498556,<1%,patchy,PASS,PASS,complete_clean_certificate
original_400_replay,search_328,0.02176222269599304,2-5%,droplet,PASS,UNKNOWN,spatial_certificate_failed
original_400_replay,search_329,0.09879434652918137,>5%,streak,UNKNOWN,UNKNOWN,insufficient_or_incompatible_evidence
original_400_replay,search_330,0.11146708796867844,>5%,particles,FLAG,FLAG,positive_contamination_evidence
original_400_replay,search_331,0.04853749443833045,2-5%,streak,UNKNOWN,UNKNOWN,insufficient_or_incompatible_evidence
original_400_replay,search_332,0.5592215377296895,>5%,patchy,UNKNOWN,UNKNOWN,insufficient_or_incompatible_evidence
original_400_replay,search_333,0.022366465155555,2-5%,droplet,FLAG,FLAG,positive_contamination_evidence
original_400_replay,search_334,0.003601305047585042,<1%,patchy,PASS,PASS,complete_clean_certificate
original_400_replay,search_335,0.007993449777743602,<1%,particles,PASS,PASS,complete_clean_certificate
original_400_replay,search_336,0.0055525622552719265,<1%,streak,FLAG,FLAG,positive_contamination_evidence
original_400_replay,search_337,0.4924227608608861,>5%,streak,UNKNOWN,UNKNOWN,insufficient_or_incompatible_evidence
original_400_replay,search_338,0.07238290868919967,>5%,streak,FLAG,FLAG,positive_contamination_evidence
original_400_replay,search_339,0.3866217080403184,>5%,droplet,UNKNOWN,UNKNOWN,insufficient_or_incompatible_evidence
original_400_replay,search_340,0.017803890241227447,1-2%,particles,FLAG,FLAG,positive_contamination_evidence
original_400_replay,search_341,0.05695318796540197,>5%,droplet,UNKNOWN,UNKNOWN,insufficient_or_incompatible_evidence
original_400_replay,search_342,0.22285691159655846,>5%,streak,UNKNOWN,UNKNOWN,insufficient_or_incompatible_evidence
original_400_replay,search_343,0.01571555728354228,1-2%,particles,PASS,PASS,complete_clean_certificate
original_400_replay,search_344,0.34076174704767326,>5%,patchy,UNKNOWN,UNKNOWN,insufficient_or_incompatible_evidence
original_400_replay,search_345,0.007557794457440956,<1%,particles,PASS,PASS,complete_clean_certificate
original_400_replay,search_346,0.06784206192775738,>5%,streak,FLAG,FLAG,positive_contamination_evidence
original_400_replay,search_347,0.023056398059197233,2-5%,particles,PASS,PASS,complete_clean_certificate
original_400_replay,search_348,0.33395450561396567,>5%,particles,FLAG,FLAG,positive_contamination_evidence
original_400_replay,search_349,0.04868604005634623,2-5%,streak,UNKNOWN,UNKNOWN,insufficient_or_incompatible_evidence
original_400_replay,search_350,0.010588421424125413,1-2%,patchy,FLAG,FLAG,positive_contamination_evidence
original_400_replay,search_351,0.5760168037041066,>5%,patchy,FLAG,FLAG,positive_contamination_evidence
original_400_replay,search_352,0.14128684982804102,>5%,droplet,FLAG,FLAG,positive_contamination_evidence
original_400_replay,search_353,0.05766036072188003,>5%,droplet,FLAG,FLAG,positive_contamination_evidence
original_400_replay,search_354,0.045818629439887446,2-5%,streak,FLAG,FLAG,positive_contamination_evidence
original_400_replay,search_355,0.027132225927923647,2-5%,particles,PASS,PASS,complete_clean_certificate
original_400_replay,search_356,0.024442834165586083,2-5%,streak,PASS,UNKNOWN,spatial_certificate_failed
original_400_replay,search_357,0.008163427500238418,<1%,droplet,PASS,PASS,complete_clean_certificate
original_400_replay,search_358,0.004165351294862282,<1%,streak,FLAG,FLAG,positive_contamination_evidence
original_400_replay,search_359,0.010512275314475022,1-2%,patchy,FLAG,FLAG,positive_contamination_evidence
original_400_replay,search_360,0.003072370700213191,<1%,patchy,PASS,PASS,complete_clean_certificate
original_400_replay,search_361,0.026526466762926738,2-5%,droplet,PASS,UNKNOWN,spatial_certificate_failed
original_400_replay,search_362,0.01355084167989656,1-2%,streak,FLAG,FLAG,positive_contamination_evidence
original_400_replay,search_363,0.2343927623122357,>5%,droplet,UNKNOWN,UNKNOWN,insufficient_or_incompatible_evidence
original_400_replay,search_364,0.29204776493614343,>5%,streak,FLAG,FLAG,positive_contamination_evidence
original_400_replay,search_365,0.28249393804481143,>5%,patchy,UNKNOWN,UNKNOWN,insufficient_or_incompatible_evidence
original_400_replay,search_366,0.06624047846147778,>5%,droplet,FLAG,FLAG,positive_contamination_evidence
original_400_replay,search_367,0.027798692702918612,2-5%,droplet,PASS,UNKNOWN,spatial_certificate_failed
original_400_replay,search_368,0.044310827763325164,2-5%,droplet,FLAG,FLAG,positive_contamination_evidence
original_400_replay,search_369,0.10471812132877827,>5%,droplet,UNKNOWN,UNKNOWN,insufficient_or_incompatible_evidence
original_400_replay,search_370,0.0032970473019125306,<1%,droplet,PASS,PASS,complete_clean_certificate
original_400_replay,search_371,0.004465221133117865,<1%,streak,FLAG,FLAG,positive_contamination_evidence
original_400_replay,search_372,0.0065135998777127516,<1%,particles,FLAG,FLAG,positive_contamination_evidence
original_400_replay,search_373,0.2366879420272834,>5%,patchy,FLAG,FLAG,positive_contamination_evidence
original_400_replay,search_374,0.5468759915889155,>5%,droplet,FLAG,FLAG,positive_contamination_evidence
original_400_replay,search_375,0.014828788692849749,1-2%,particles,FLAG,FLAG,positive_contamination_evidence
original_400_replay,search_376,0.06446135551037442,>5%,droplet,FLAG,FLAG,positive_contamination_evidence
original_400_replay,search_377,0.09779509653868305,>5%,droplet,FLAG,FLAG,positive_contamination_evidence
original_400_replay,search_378,0.1287427739030044,>5%,patchy,FLAG,FLAG,positive_contamination_evidence
original_400_replay,search_379,0.10698718807575668,>5%,patchy,FLAG,FLAG,positive_contamination_evidence
original_400_replay,search_380,0.002029092559032007,<1%,patchy,PASS,PASS,complete_clean_certificate
original_400_replay,search_381,0.2784413112659727,>5%,particles,FLAG,FLAG,positive_contamination_evidence
original_400_replay,search_382,0.054987283462413696,>5%,particles,UNKNOWN,UNKNOWN,insufficient_or_incompatible_evidence
original_400_replay,search_383,0.0360909322896011,2-5%,patchy,PASS,PASS,complete_clean_certificate
original_400_replay,search_384,0.6869139575323107,>5%,streak,UNKNOWN,UNKNOWN,insufficient_or_incompatible_evidence
original_400_replay,search_385,0.13333942485511785,>5%,droplet,FLAG,FLAG,positive_contamination_evidence
original_400_replay,search_386,0.016688885463449925,1-2%,patchy,FLAG,FLAG,positive_contamination_evidence
original_400_replay,search_387,0.005491430350393101,<1%,streak,PASS,UNKNOWN,spatial_certificate_failed
original_400_replay,search_388,0.12937505869424132,>5%,particles,FLAG,FLAG,positive_contamination_evidence
original_400_replay,search_389,0.005582891033715926,<1%,streak,PASS,UNKNOWN,spatial_certificate_failed
original_400_replay,search_390,0.09287126398481999,>5%,droplet,UNKNOWN,UNKNOWN,insufficient_or_incompatible_evidence
original_400_replay,search_391,0.13401385892268314,>5%,droplet,FLAG,FLAG,positive_contamination_evidence
original_400_replay,search_392,0.01926002976687945,1-2%,patchy,FLAG,FLAG,positive_contamination_evidence
original_400_replay,search_393,0.06825104593856615,>5%,particles,FLAG,FLAG,positive_contamination_evidence
original_400_replay,search_394,0.23253114886241133,>5%,streak,FLAG,FLAG,positive_contamination_evidence
original_400_replay,search_395,0.009838324144935354,<1%,streak,FLAG,FLAG,positive_contamination_evidence
original_400_replay,search_396,0.054648842753854926,>5%,patchy,UNKNOWN,UNKNOWN,insufficient_or_incompatible_evidence
original_400_replay,search_397,0.07489278122805289,>5%,patchy,FLAG,FLAG,positive_contamination_evidence
original_400_replay,search_398,0.33304382318073467,>5%,patchy,FLAG,FLAG,positive_contamination_evidence
original_400_replay,search_399,0.011246545886993599,1-2%,particles,PASS,PASS,complete_clean_certificate
focused_heldout_400,focused_0,0.0029865928440961074,<1%,dispersed_sparse,FLAG,FLAG,positive_contamination_evidence
focused_heldout_400,focused_1,0.0008140330690978506,<1%,compact_blob,PASS,PASS,complete_clean_certificate
focused_heldout_400,focused_2,0.003269632886651425,<1%,compact_blob,FLAG,FLAG,positive_contamination_evidence
focused_heldout_400,focused_3,0.020626957101254062,2-5%,multiple_droplets,PASS,PASS,complete_clean_certificate
focused_heldout_400,focused_4,0.020476072663232984,2-5%,dispersed_sparse,PASS,PASS,complete_clean_certificate
focused_heldout_400,focused_5,0.03225087825742762,2-5%,psf_blurred,FLAG,FLAG,positive_contamination_evidence
focused_heldout_400,focused_6,0.001092713127504374,<1%,corner_blob,PASS,PASS,complete_clean_certificate
focused_heldout_400,focused_7,0.08244110591326309,>5%,multiple_droplets,UNKNOWN,UNKNOWN,insufficient_or_incompatible_evidence
focused_heldout_400,focused_8,0.003975741886158895,<1%,elongated_streak,PASS,PASS,complete_clean_certificate
focused_heldout_400,focused_9,0.007677397288352716,<1%,psf_blurred,PASS,UNKNOWN,spatial_certificate_failed
focused_heldout_400,focused_10,0.03701165297916383,2-5%,multiple_droplets,PASS,UNKNOWN,spatial_certificate_failed
focused_heldout_400,focused_11,0.002217333030151586,<1%,psf_blurred,PASS,UNKNOWN,spatial_certificate_failed
focused_heldout_400,focused_12,0.008522893788702308,<1%,multiple_droplets,PASS,PASS,complete_clean_certificate
focused_heldout_400,focused_13,0.06446091472372528,>5%,psf_blurred,FLAG,FLAG,positive_contamination_evidence
focused_heldout_400,focused_14,0.0015961581973444653,<1%,multiple_droplets,PASS,PASS,complete_clean_certificate
focused_heldout_400,focused_15,0.006271765651489095,<1%,corner_blob,PASS,PASS,complete_clean_certificate
focused_heldout_400,focused_16,0.0034081890785715293,<1%,elongated_streak,PASS,PASS,complete_clean_certificate
focused_heldout_400,focused_17,0.0018606581203605163,<1%,multiple_droplets,PASS,PASS,complete_clean_certificate
focused_heldout_400,focused_18,0.08909588629197616,>5%,corner_blob,UNKNOWN,UNKNOWN,insufficient_or_incompatible_evidence
focused_heldout_400,focused_19,0.003222765513192154,<1%,multiple_droplets,PASS,PASS,complete_clean_certificate
focused_heldout_400,focused_20,0.020794726257193783,2-5%,multiple_droplets,PASS,UNKNOWN,spatial_certificate_failed
focused_heldout_400,focused_21,0.0025849012596945117,<1%,corner_blob,PASS,PASS,complete_clean_certificate
focused_heldout_400,focused_22,0.0008461613579804055,<1%,elongated_streak,PASS,PASS,complete_clean_certificate
focused_heldout_400,focused_23,0.005551015191828533,<1%,edge_blob,FLAG,FLAG,positive_contamination_evidence
focused_heldout_400,focused_24,0.006028500299867427,<1%,edge_blob,PASS,PASS,complete_clean_certificate
focused_heldout_400,focused_25,0.029358895597989484,2-5%,elongated_streak,FLAG,FLAG,positive_contamination_evidence
focused_heldout_400,focused_26,0.11316464605810321,>5%,dispersed_sparse,UNKNOWN,UNKNOWN,insufficient_or_incompatible_evidence
focused_heldout_400,focused_27,0.00913305651606962,<1%,multiple_droplets,PASS,PASS,complete_clean_certificate
focused_heldout_400,focused_28,0.002288733410219801,<1%,corner_blob,FLAG,FLAG,positive_contamination_evidence
focused_heldout_400,focused_29,0.0008130589227632832,<1%,dispersed_sparse,PASS,PASS,complete_clean_certificate
focused_heldout_400,focused_30,0.08775304222452407,>5%,dispersed_sparse,UNKNOWN,UNKNOWN,insufficient_or_incompatible_evidence
focused_heldout_400,focused_31,0.061456549473589736,>5%,registration_shifted,UNKNOWN,UNKNOWN,insufficient_or_incompatible_evidence
focused_heldout_400,focused_32,0.02542201950562777,2-5%,edge_blob,PASS,UNKNOWN,spatial_certificate_failed
focused_heldout_400,focused_33,0.001188703443191493,<1%,psf_blurred,PASS,UNKNOWN,spatial_certificate_failed
focused_heldout_400,focused_34,0.007039276902198941,<1%,multiple_droplets,PASS,PASS,complete_clean_certificate
focused_heldout_400,focused_35,0.0030184545495233733,<1%,corner_blob,PASS,PASS,complete_clean_certificate
focused_heldout_400,focused_36,0.02115694275618104,2-5%,psf_blurred,UNKNOWN,UNKNOWN,insufficient_or_incompatible_evidence
focused_heldout_400,focused_37,0.0010856318653147256,<1%,compact_blob,FLAG,FLAG,positive_contamination_evidence
focused_heldout_400,focused_38,0.014884345374798932,1-2%,dispersed_sparse,PASS,PASS,complete_clean_certificate
focused_heldout_400,focused_39,0.010210501569039526,1-2%,corner_blob,PASS,PASS,complete_clean_certificate
focused_heldout_400,focused_40,0.06272218862861656,>5%,corner_blob,UNKNOWN,UNKNOWN,insufficient_or_incompatible_evidence
focused_heldout_400,focused_41,0.12,>5%,dispersed_sparse,UNKNOWN,UNKNOWN,insufficient_or_incompatible_evidence
focused_heldout_400,focused_42,0.015668849866072372,1-2%,corner_blob,PASS,UNKNOWN,spatial_certificate_failed
focused_heldout_400,focused_43,0.004141998268812613,<1%,elongated_streak,PASS,PASS,complete_clean_certificate
focused_heldout_400,focused_44,0.03170134131640611,2-5%,corner_blob,PASS,UNKNOWN,spatial_certificate_failed
focused_heldout_400,focused_45,0.11279660154243455,>5%,psf_blurred,UNKNOWN,UNKNOWN,insufficient_or_incompatible_evidence
focused_heldout_400,focused_46,0.02945913105111335,2-5%,psf_blurred,PASS,UNKNOWN,spatial_certificate_failed
focused_heldout_400,focused_47,0.015336980029352939,1-2%,registration_shifted,PASS,UNKNOWN,spatial_certificate_failed
focused_heldout_400,focused_48,0.10918790099401214,>5%,compact_blob,UNKNOWN,UNKNOWN,insufficient_or_incompatible_evidence
focused_heldout_400,focused_49,0.0009204592637404416,<1%,elongated_streak,PASS,PASS,complete_clean_certificate
focused_heldout_400,focused_50,0.059165892759812364,>5%,edge_blob,UNKNOWN,UNKNOWN,insufficient_or_incompatible_evidence
focused_heldout_400,focused_51,0.00866144948683575,<1%,edge_blob,PASS,PASS,complete_clean_certificate
focused_heldout_400,focused_52,0.001101404925891772,<1%,psf_blurred,PASS,UNKNOWN,spatial_certificate_failed
focused_heldout_400,focused_53,0.07223244467888855,>5%,psf_blurred,UNKNOWN,UNKNOWN,insufficient_or_incompatible_evidence
focused_heldout_400,focused_54,0.002471506562072197,<1%,psf_blurred,PASS,UNKNOWN,spatial_certificate_failed
focused_heldout_400,focused_55,0.0009269401318493924,<1%,registration_shifted,PASS,PASS,complete_clean_certificate
focused_heldout_400,focused_56,0.005058494729390373,<1%,edge_blob,PASS,PASS,complete_clean_certificate
focused_heldout_400,focused_57,0.004864388472139514,<1%,multiple_droplets,PASS,PASS,complete_clean_certificate
focused_heldout_400,focused_58,0.0017420159325388994,<1%,registration_shifted,PASS,PASS,complete_clean_certificate
focused_heldout_400,focused_59,0.044252895332483645,2-5%,dispersed_sparse,FLAG,FLAG,positive_contamination_evidence
focused_heldout_400,focused_60,0.054091124080411584,>5%,dispersed_sparse,UNKNOWN,UNKNOWN,insufficient_or_incompatible_evidence
focused_heldout_400,focused_61,0.10056798463533605,>5%,elongated_streak,FLAG,FLAG,positive_contamination_evidence
focused_heldout_400,focused_62,0.002774426121439317,<1%,edge_blob,PASS,PASS,complete_clean_certificate
focused_heldout_400,focused_63,0.001388041990614759,<1%,compact_blob,PASS,PASS,complete_clean_certificate
focused_heldout_400,focused_64,0.0021557460916903875,<1%,elongated_streak,PASS,PASS,complete_clean_certificate
focused_heldout_400,focused_65,0.02408919581925272,2-5%,psf_blurred,UNKNOWN,UNKNOWN,insufficient_or_incompatible_evidence
focused_heldout_400,focused_66,0.018812210057101778,1-2%,psf_blurred,UNKNOWN,UNKNOWN,insufficient_or_incompatible_evidence
focused_heldout_400,focused_67,0.01873288658719737,1-2%,compact_blob,PASS,UNKNOWN,spatial_certificate_failed
focused_heldout_400,focused_68,0.0009994655704080233,<1%,multiple_droplets,PASS,PASS,complete_clean_certificate
focused_heldout_400,focused_69,0.10915351218002278,>5%,dispersed_sparse,UNKNOWN,UNKNOWN,insufficient_or_incompatible_evidence
focused_heldout_400,focused_70,0.029817939402631922,2-5%,multiple_droplets,FLAG,FLAG,positive_contamination_evidence
focused_heldout_400,focused_71,0.0033068116718736537,<1%,corner_blob,PASS,PASS,complete_clean_certificate
focused_heldout_400,focused_72,0.002281247475598811,<1%,multiple_droplets,PASS,PASS,complete_clean_certificate
focused_heldout_400,focused_73,0.004319405399405909,<1%,psf_blurred,FLAG,FLAG,positive_contamination_evidence
focused_heldout_400,focused_74,0.08548197517428723,>5%,dispersed_sparse,UNKNOWN,UNKNOWN,insufficient_or_incompatible_evidence
focused_heldout_400,focused_75,0.002637946029079181,<1%,edge_blob,PASS,PASS,complete_clean_certificate
focused_heldout_400,focused_76,0.001382215764934323,<1%,elongated_streak,PASS,PASS,complete_clean_certificate
focused_heldout_400,focused_77,0.01978323930421825,1-2%,compact_blob,FLAG,FLAG,positive_contamination_evidence
focused_heldout_400,focused_78,0.06411135631923373,>5%,compact_blob,FLAG,FLAG,positive_contamination_evidence
focused_heldout_400,focused_79,0.0038027154610494915,<1%,edge_blob,FLAG,FLAG,positive_contamination_evidence
focused_heldout_400,focused_80,0.012334561164504347,1-2%,registration_shifted,PASS,PASS,complete_clean_certificate
focused_heldout_400,focused_81,0.0012424246260339205,<1%,corner_blob,FLAG,FLAG,positive_contamination_evidence
focused_heldout_400,focused_82,0.005522390146572869,<1%,registration_shifted,PASS,PASS,complete_clean_certificate
focused_heldout_400,focused_83,0.016453410448655854,1-2%,registration_shifted,FLAG,FLAG,positive_contamination_evidence
focused_heldout_400,focused_84,0.007590002806518949,<1%,compact_blob,PASS,PASS,complete_clean_certificate
focused_heldout_400,focused_85,0.017197114488686098,1-2%,corner_blob,PASS,UNKNOWN,spatial_certificate_failed
focused_heldout_400,focused_86,0.0019030766341080257,<1%,compact_blob,FLAG,FLAG,positive_contamination_evidence
focused_heldout_400,focused_87,0.0472249459086242,2-5%,psf_blurred,UNKNOWN,UNKNOWN,insufficient_or_incompatible_evidence
focused_heldout_400,focused_88,0.05276541535411224,>5%,dispersed_sparse,UNKNOWN,UNKNOWN,insufficient_or_incompatible_evidence
focused_heldout_400,focused_89,0.001431169490952186,<1%,dispersed_sparse,PASS,PASS,complete_clean_certificate
focused_heldout_400,focused_90,0.04950881663127463,2-5%,elongated_streak,FLAG,FLAG,positive_contamination_evidence
focused_heldout_400,focused_91,0.007953320378627735,<1%,psf_blurred,PASS,UNKNOWN,spatial_certificate_failed
focused_heldout_400,focused_92,0.00502814740731055,<1%,compact_blob,PASS,PASS,complete_clean_certificate
focused_heldout_400,focused_93,0.006356295955048512,<1%,compact_blob,PASS,PASS,complete_clean_certificate
focused_heldout_400,focused_94,0.0555931602364077,>5%,psf_blurred,FLAG,FLAG,positive_contamination_evidence
focused_heldout_400,focused_95,0.03468281726199605,2-5%,psf_blurred,UNKNOWN,UNKNOWN,insufficient_or_incompatible_evidence
focused_heldout_400,focused_96,0.0010797244651541036,<1%,compact_blob,PASS,PASS,complete_clean_certificate
focused_heldout_400,focused_97,0.085127368161315,>5%,multiple_droplets,UNKNOWN,UNKNOWN,insufficient_or_incompatible_evidence
focused_heldout_400,focused_98,0.047465782534057525,2-5%,edge_blob,FLAG,FLAG,positive_contamination_evidence
focused_heldout_400,focused_99,0.0019234161848842128,<1%,elongated_streak,PASS,PASS,complete_clean_certificate
focused_heldout_400,focused_100,0.002111121618690171,<1%,dispersed_sparse,PASS,PASS,complete_clean_certificate
focused_heldout_400,focused_101,0.0008159655107420839,<1%,psf_blurred,PASS,PASS,complete_clean_certificate
focused_heldout_400,focused_102,0.04738276654723996,2-5%,edge_blob,UNKNOWN,UNKNOWN,insufficient_or_incompatible_evidence
focused_heldout_400,focused_103,0.10309191800940676,>5%,corner_blob,FLAG,FLAG,positive_contamination_evidence
focused_heldout_400,focused_104,0.11317416178561601,>5%,compact_blob,UNKNOWN,UNKNOWN,insufficient_or_incompatible_evidence
focused_heldout_400,focused_105,0.0018971520087896418,<1%,corner_blob,PASS,PASS,complete_clean_certificate
focused_heldout_400,focused_106,0.0038017250857004534,<1%,multiple_droplets,PASS,PASS,complete_clean_certificate
focused_heldout_400,focused_107,0.0034834302892997335,<1%,edge_blob,PASS,PASS,complete_clean_certificate
focused_heldout_400,focused_108,0.0014253651923667057,<1%,psf_blurred,PASS,PASS,complete_clean_certificate
focused_heldout_400,focused_109,0.00819362467555059,<1%,elongated_streak,PASS,PASS,complete_clean_certificate
focused_heldout_400,focused_110,0.03208900545188443,2-5%,elongated_streak,PASS,UNKNOWN,spatial_certificate_failed
focused_heldout_400,focused_111,0.04071431573999717,2-5%,corner_blob,PASS,UNKNOWN,spatial_certificate_failed
focused_heldout_400,focused_112,0.026945947848561302,2-5%,edge_blob,PASS,UNKNOWN,spatial_certificate_failed
focused_heldout_400,focused_113,0.013665070242038599,1-2%,psf_blurred,PASS,UNKNOWN,spatial_certificate_failed
focused_heldout_400,focused_114,0.024419872715433028,2-5%,dispersed_sparse,PASS,PASS,complete_clean_certificate
focused_heldout_400,focused_115,0.005475704627336311,<1%,corner_blob,FLAG,FLAG,positive_contamination_evidence
focused_heldout_400,focused_116,0.0025533904288520216,<1%,registration_shifted,PASS,PASS,complete_clean_certificate
focused_heldout_400,focused_117,0.01207337548479486,1-2%,corner_blob,PASS,PASS,complete_clean_certificate
focused_heldout_400,focused_118,0.0015360295808046838,<1%,multiple_droplets,FLAG,FLAG,positive_contamination_evidence
focused_heldout_400,focused_119,0.008638775759306754,<1%,corner_blob,FLAG,FLAG,positive_contamination_evidence
focused_heldout_400,focused_120,0.040910090351433184,2-5%,edge_blob,PASS,UNKNOWN,spatial_certificate_failed
focused_heldout_400,focused_121,0.0698521489652448,>5%,corner_blob,FLAG,FLAG,positive_contamination_evidence
focused_heldout_400,focused_122,0.0008871614693126232,<1%,registration_shifted,FLAG,FLAG,positive_contamination_evidence
focused_heldout_400,focused_123,0.07546365878085183,>5%,psf_blurred,UNKNOWN,UNKNOWN,insufficient_or_incompatible_evidence
focused_heldout_400,focused_124,0.02352876034787897,2-5%,elongated_streak,PASS,PASS,complete_clean_certificate
focused_heldout_400,focused_125,0.052964520897535096,>5%,edge_blob,FLAG,FLAG,positive_contamination_evidence
focused_heldout_400,focused_126,0.003349906930323691,<1%,elongated_streak,PASS,PASS,complete_clean_certificate
focused_heldout_400,focused_127,0.07825047630720222,>5%,corner_blob,FLAG,FLAG,positive_contamination_evidence
focused_heldout_400,focused_128,0.013275683992995207,1-2%,psf_blurred,PASS,UNKNOWN,spatial_certificate_failed
focused_heldout_400,focused_129,0.031039121332912426,2-5%,elongated_streak,PASS,UNKNOWN,spatial_certificate_failed
focused_heldout_400,focused_130,0.0016591110002584888,<1%,dispersed_sparse,PASS,PASS,complete_clean_certificate
focused_heldout_400,focused_131,0.08725300245607008,>5%,psf_blurred,FLAG,FLAG,positive_contamination_evidence
focused_heldout_400,focused_132,0.00695230691831616,<1%,compact_blob,FLAG,FLAG,positive_contamination_evidence
focused_heldout_400,focused_133,0.002440957500460659,<1%,corner_blob,FLAG,FLAG,positive_contamination_evidence
focused_heldout_400,focused_134,0.04921438424371451,2-5%,corner_blob,FLAG,FLAG,positive_contamination_evidence
focused_heldout_400,focused_135,0.0017849353868598843,<1%,corner_blob,PASS,PASS,complete_clean_certificate
focused_heldout_400,focused_136,0.007000734433424545,<1%,compact_blob,PASS,PASS,complete_clean_certificate
focused_heldout_400,focused_137,0.002344776604982216,<1%,corner_blob,FLAG,FLAG,positive_contamination_evidence
focused_heldout_400,focused_138,0.0034436737489240404,<1%,elongated_streak,PASS,PASS,complete_clean_certificate
focused_heldout_400,focused_139,0.004482038084823303,<1%,multiple_droplets,FLAG,FLAG,positive_contamination_evidence
focused_heldout_400,focused_140,0.009729759918748838,<1%,registration_shifted,PASS,PASS,complete_clean_certificate
focused_heldout_400,focused_141,0.019205868934728202,1-2%,corner_blob,FLAG,FLAG,positive_contamination_evidence
focused_heldout_400,focused_142,0.006292879532712132,<1%,edge_blob,PASS,PASS,complete_clean_certificate
focused_heldout_400,focused_143,0.009936841085326727,<1%,elongated_streak,PASS,PASS,complete_clean_certificate
focused_heldout_400,focused_144,0.05593301198101881,>5%,registration_shifted,FLAG,FLAG,positive_contamination_evidence
focused_heldout_400,focused_145,0.03547731707956969,2-5%,elongated_streak,PASS,UNKNOWN,spatial_certificate_failed
focused_heldout_400,focused_146,0.02974529505797237,2-5%,corner_blob,FLAG,FLAG,positive_contamination_evidence
focused_heldout_400,focused_147,0.012013478217981743,1-2%,corner_blob,PASS,PASS,complete_clean_certificate
focused_heldout_400,focused_148,0.06284798386872688,>5%,corner_blob,FLAG,FLAG,positive_contamination_evidence
focused_heldout_400,focused_149,0.0190078440818491,1-2%,psf_blurred,FLAG,FLAG,positive_contamination_evidence
focused_heldout_400,focused_150,0.0031838821817780495,<1%,multiple_droplets,PASS,PASS,complete_clean_certificate
focused_heldout_400,focused_151,0.007454131187117711,<1%,psf_blurred,PASS,UNKNOWN,spatial_certificate_failed
focused_heldout_400,focused_152,0.005214904731141961,<1%,edge_blob,PASS,PASS,complete_clean_certificate
focused_heldout_400,focused_153,0.0010130284574496916,<1%,psf_blurred,PASS,UNKNOWN,spatial_certificate_failed
focused_heldout_400,focused_154,0.05606035457096512,>5%,compact_blob,FLAG,FLAG,positive_contamination_evidence
focused_heldout_400,focused_155,0.013133219200173738,1-2%,psf_blurred,PASS,UNKNOWN,spatial_certificate_failed
focused_heldout_400,focused_156,0.0032312709007890194,<1%,registration_shifted,PASS,PASS,complete_clean_certificate
focused_heldout_400,focused_157,0.03947539695240757,2-5%,dispersed_sparse,PASS,PASS,complete_clean_certificate
focused_heldout_400,focused_158,0.014065165374348227,1-2%,elongated_streak,FLAG,FLAG,positive_contamination_evidence
focused_heldout_400,focused_159,0.002404007151188439,<1%,edge_blob,FLAG,FLAG,positive_contamination_evidence
focused_heldout_400,focused_160,0.029892478169557177,2-5%,multiple_droplets,PASS,UNKNOWN,spatial_certificate_failed
focused_heldout_400,focused_161,0.0014415641702213273,<1%,corner_blob,PASS,PASS,complete_clean_certificate
focused_heldout_400,focused_162,0.0021237213158057846,<1%,dispersed_sparse,PASS,PASS,complete_clean_certificate
focused_heldout_400,focused_163,0.0009928225744615213,<1%,dispersed_sparse,PASS,PASS,complete_clean_certificate
focused_heldout_400,focused_164,0.09870684957257664,>5%,compact_blob,UNKNOWN,UNKNOWN,insufficient_or_incompatible_evidence
focused_heldout_400,focused_165,0.028565623612387098,2-5%,multiple_droplets,FLAG,FLAG,positive_contamination_evidence
focused_heldout_400,focused_166,0.08942422659292333,>5%,psf_blurred,UNKNOWN,UNKNOWN,insufficient_or_incompatible_evidence
focused_heldout_400,focused_167,0.006175591506769467,<1%,dispersed_sparse,PASS,PASS,complete_clean_certificate
focused_heldout_400,focused_168,0.06224086213069659,>5%,psf_blurred,UNKNOWN,UNKNOWN,insufficient_or_incompatible_evidence
focused_heldout_400,focused_169,0.026793561750558175,2-5%,dispersed_sparse,PASS,PASS,complete_clean_certificate
focused_heldout_400,focused_170,0.0014118655619848276,<1%,registration_shifted,PASS,PASS,complete_clean_certificate
focused_heldout_400,focused_171,0.004301478361950032,<1%,multiple_droplets,FLAG,FLAG,positive_contamination_evidence
focused_heldout_400,focused_172,0.04302946691794049,2-5%,compact_blob,FLAG,FLAG,positive_contamination_evidence
focused_heldout_400,focused_173,0.018844430463005116,1-2%,corner_blob,FLAG,FLAG,positive_contamination_evidence
focused_heldout_400,focused_174,0.0064549208831959515,<1%,corner_blob,PASS,PASS,complete_clean_certificate
focused_heldout_400,focused_175,0.005303445880991991,<1%,dispersed_sparse,FLAG,FLAG,positive_contamination_evidence
focused_heldout_400,focused_176,0.002204976735677408,<1%,edge_blob,PASS,PASS,complete_clean_certificate
focused_heldout_400,focused_177,0.0012078822198301794,<1%,multiple_droplets,PASS,PASS,complete_clean_certificate
focused_heldout_400,focused_178,0.10492164539399289,>5%,corner_blob,FLAG,FLAG,positive_contamination_evidence
focused_heldout_400,focused_179,0.003897350222817352,<1%,psf_blurred,PASS,UNKNOWN,spatial_certificate_failed
focused_heldout_400,focused_180,0.0008282949613927452,<1%,psf_blurred,PASS,UNKNOWN,spatial_certificate_failed
focused_heldout_400,focused_181,0.004088016979473097,<1%,edge_blob,PASS,PASS,complete_clean_certificate
focused_heldout_400,focused_182,0.0023239331496808175,<1%,compact_blob,PASS,PASS,complete_clean_certificate
focused_heldout_400,focused_183,0.01850152670341307,1-2%,dispersed_sparse,PASS,PASS,complete_clean_certificate
focused_heldout_400,focused_184,0.004483640910501251,<1%,dispersed_sparse,PASS,PASS,complete_clean_certificate
focused_heldout_400,focused_185,0.029602118609646764,2-5%,multiple_droplets,PASS,UNKNOWN,spatial_certificate_failed
focused_heldout_400,focused_186,0.011470314275597075,1-2%,multiple_droplets,FLAG,FLAG,positive_contamination_evidence
focused_heldout_400,focused_187,0.003438933085849259,<1%,dispersed_sparse,PASS,PASS,complete_clean_certificate
focused_heldout_400,focused_188,0.0015065679508560062,<1%,psf_blurred,PASS,UNKNOWN,spatial_certificate_failed
focused_heldout_400,focused_189,0.015606203242364365,1-2%,multiple_droplets,PASS,PASS,complete_clean_certificate
focused_heldout_400,focused_190,0.009746275589167191,<1%,compact_blob,PASS,PASS,complete_clean_certificate
focused_heldout_400,focused_191,0.04087852736510336,2-5%,registration_shifted,PASS,UNKNOWN,spatial_certificate_failed
focused_heldout_400,focused_192,0.03289384893956268,2-5%,compact_blob,PASS,UNKNOWN,spatial_certificate_failed
focused_heldout_400,focused_193,0.03962509462215779,2-5%,registration_shifted,FLAG,FLAG,positive_contamination_evidence
focused_heldout_400,focused_194,0.0012332835167686816,<1%,dispersed_sparse,PASS,PASS,complete_clean_certificate
focused_heldout_400,focused_195,0.0012757040089427477,<1%,multiple_droplets,PASS,PASS,complete_clean_certificate
focused_heldout_400,focused_196,0.027530383619407316,2-5%,elongated_streak,FLAG,FLAG,positive_contamination_evidence
focused_heldout_400,focused_197,0.0014293081043472294,<1%,psf_blurred,PASS,UNKNOWN,spatial_certificate_failed
focused_heldout_400,focused_198,0.002080237306363122,<1%,dispersed_sparse,PASS,PASS,complete_clean_certificate
focused_heldout_400,focused_199,0.08940308575587409,>5%,compact_blob,UNKNOWN,UNKNOWN,insufficient_or_incompatible_evidence
focused_heldout_400,focused_200,0.001212970643362657,<1%,elongated_streak,PASS,PASS,complete_clean_certificate
focused_heldout_400,focused_201,0.002729340641879057,<1%,psf_blurred,PASS,PASS,complete_clean_certificate
focused_heldout_400,focused_202,0.0023645219362949297,<1%,corner_blob,PASS,PASS,complete_clean_certificate
focused_heldout_400,focused_203,0.09664505831331834,>5%,compact_blob,FLAG,FLAG,positive_contamination_evidence
focused_heldout_400,focused_204,0.003465507246480004,<1%,compact_blob,PASS,PASS,complete_clean_certificate
focused_heldout_400,focused_205,0.05280691272588478,>5%,psf_blurred,FLAG,FLAG,positive_contamination_evidence
focused_heldout_400,focused_206,0.001206071338049923,<1%,compact_blob,FLAG,FLAG,positive_contamination_evidence
focused_heldout_400,focused_207,0.0008428967775272327,<1%,dispersed_sparse,FLAG,FLAG,positive_contamination_evidence
focused_heldout_400,focused_208,0.040898004074055624,2-5%,psf_blurred,FLAG,FLAG,positive_contamination_evidence
focused_heldout_400,focused_209,0.009432367953863928,<1%,multiple_droplets,FLAG,FLAG,positive_contamination_evidence
focused_heldout_400,focused_210,0.0030274541262076166,<1%,elongated_streak,FLAG,FLAG,positive_contamination_evidence
focused_heldout_400,focused_211,0.0035158602322165945,<1%,dispersed_sparse,PASS,PASS,complete_clean_certificate
focused_heldout_400,focused_212,0.018230052514616422,1-2%,dispersed_sparse,PASS,PASS,complete_clean_certificate
focused_heldout_400,focused_213,0.001432780044968276,<1%,corner_blob,PASS,PASS,complete_clean_certificate
focused_heldout_400,focused_214,0.0020394803411936018,<1%,psf_blurred,FLAG,FLAG,positive_contamination_evidence
focused_heldout_400,focused_215,0.002560083780568694,<1%,corner_blob,PASS,PASS,complete_clean_certificate
focused_heldout_400,focused_216,0.026864193022558557,2-5%,compact_blob,PASS,UNKNOWN,spatial_certificate_failed
focused_heldout_400,focused_217,0.0008055783240322455,<1%,dispersed_sparse,PASS,PASS,complete_clean_certificate
focused_heldout_400,focused_218,0.020558173773696713,2-5%,multiple_droplets,PASS,PASS,complete_clean_certificate
focused_heldout_400,focused_219,0.005079250532756519,<1%,multiple_droplets,PASS,PASS,complete_clean_certificate
focused_heldout_400,focused_220,0.05998745089056716,>5%,corner_blob,FLAG,FLAG,positive_contamination_evidence
focused_heldout_400,focused_221,0.060576194023954685,>5%,psf_blurred,UNKNOWN,UNKNOWN,insufficient_or_incompatible_evidence
focused_heldout_400,focused_222,0.024324792609238227,2-5%,edge_blob,PASS,UNKNOWN,spatial_certificate_failed
focused_heldout_400,focused_223,0.014227805141574408,1-2%,dispersed_sparse,FLAG,FLAG,positive_contamination_evidence
focused_heldout_400,focused_224,0.035628103610424754,2-5%,corner_blob,FLAG,FLAG,positive_contamination_evidence
focused_heldout_400,focused_225,0.054404710653530156,>5%,dispersed_sparse,FLAG,FLAG,positive_contamination_evidence
focused_heldout_400,focused_226,0.08924503511385519,>5%,multiple_droplets,UNKNOWN,UNKNOWN,insufficient_or_incompatible_evidence
focused_heldout_400,focused_227,0.027897042384334925,2-5%,edge_blob,PASS,UNKNOWN,spatial_certificate_failed
focused_heldout_400,focused_228,0.048425906322899934,2-5%,registration_shifted,PASS,UNKNOWN,spatial_certificate_failed
focused_heldout_400,focused_229,0.0029271587859288546,<1%,psf_blurred,PASS,UNKNOWN,spatial_certificate_failed
focused_heldout_400,focused_230,0.0014491478682531304,<1%,elongated_streak,FLAG,FLAG,positive_contamination_evidence
focused_heldout_400,focused_231,0.0016243075806383618,<1%,dispersed_sparse,PASS,PASS,complete_clean_certificate
focused_heldout_400,focused_232,0.0023826999397070533,<1%,dispersed_sparse,PASS,PASS,complete_clean_certificate
focused_heldout_400,focused_233,0.0020610181478135313,<1%,corner_blob,PASS,PASS,complete_clean_certificate
focused_heldout_400,focused_234,0.0008324122271786626,<1%,dispersed_sparse,PASS,PASS,complete_clean_certificate
focused_heldout_400,focused_235,0.049400856106941005,2-5%,registration_shifted,FLAG,FLAG,positive_contamination_evidence
focused_heldout_400,focused_236,0.005201230659828259,<1%,psf_blurred,FLAG,FLAG,positive_contamination_evidence
focused_heldout_400,focused_237,0.0034878297067149878,<1%,elongated_streak,PASS,PASS,complete_clean_certificate
focused_heldout_400,focused_238,0.014567428750752094,1-2%,psf_blurred,PASS,UNKNOWN,spatial_certificate_failed
focused_heldout_400,focused_239,0.0714611190945956,>5%,corner_blob,UNKNOWN,UNKNOWN,insufficient_or_incompatible_evidence
focused_heldout_400,focused_240,0.028269865417274907,2-5%,registration_shifted,FLAG,FLAG,positive_contamination_evidence
focused_heldout_400,focused_241,0.10852516355105359,>5%,psf_blurred,UNKNOWN,UNKNOWN,insufficient_or_incompatible_evidence
focused_heldout_400,focused_242,0.0013088497537192087,<1%,corner_blob,PASS,PASS,complete_clean_certificate
focused_heldout_400,focused_243,0.006345313334247605,<1%,compact_blob,PASS,PASS,complete_clean_certificate
focused_heldout_400,focused_244,0.002152914490348122,<1%,edge_blob,FLAG,FLAG,positive_contamination_evidence
focused_heldout_400,focused_245,0.0008581712172063393,<1%,psf_blurred,PASS,UNKNOWN,spatial_certificate_failed
focused_heldout_400,focused_246,0.04902188080974545,2-5%,psf_blurred,UNKNOWN,UNKNOWN,insufficient_or_incompatible_evidence
focused_heldout_400,focused_247,0.07190986906186084,>5%,multiple_droplets,FLAG,FLAG,positive_contamination_evidence
focused_heldout_400,focused_248,0.002168366874463005,<1%,elongated_streak,PASS,PASS,complete_clean_certificate
focused_heldout_400,focused_249,0.10218808682646154,>5%,compact_blob,FLAG,FLAG,positive_contamination_evidence
focused_heldout_400,focused_250,0.006699698012542165,<1%,elongated_streak,PASS,PASS,complete_clean_certificate
focused_heldout_400,focused_251,0.11851429468049074,>5%,elongated_streak,UNKNOWN,UNKNOWN,insufficient_or_incompatible_evidence
focused_heldout_400,focused_252,0.005766340135164308,<1%,edge_blob,PASS,PASS,complete_clean_certificate
focused_heldout_400,focused_253,0.007538197338723616,<1%,compact_blob,PASS,PASS,complete_clean_certificate
focused_heldout_400,focused_254,0.05497783409944591,>5%,edge_blob,UNKNOWN,UNKNOWN,insufficient_or_incompatible_evidence
focused_heldout_400,focused_255,0.006313698132654037,<1%,registration_shifted,FLAG,FLAG,positive_contamination_evidence
focused_heldout_400,focused_256,0.002130222290468755,<1%,psf_blurred,PASS,UNKNOWN,spatial_certificate_failed
focused_heldout_400,focused_257,0.005459834748694923,<1%,registration_shifted,PASS,PASS,complete_clean_certificate
focused_heldout_400,focused_258,0.011670996870467328,1-2%,edge_blob,PASS,PASS,complete_clean_certificate
focused_heldout_400,focused_259,0.017735225653879777,1-2%,registration_shifted,PASS,UNKNOWN,spatial_certificate_failed
focused_heldout_400,focused_260,0.0017034866634554353,<1%,compact_blob,FLAG,FLAG,positive_contamination_evidence
focused_heldout_400,focused_261,0.03304186456701955,2-5%,registration_shifted,PASS,UNKNOWN,spatial_certificate_failed
focused_heldout_400,focused_262,0.0036757060806673694,<1%,dispersed_sparse,PASS,PASS,complete_clean_certificate
focused_heldout_400,focused_263,0.04150439331522545,2-5%,multiple_droplets,FLAG,FLAG,positive_contamination_evidence
focused_heldout_400,focused_264,0.0075239239523577275,<1%,corner_blob,PASS,PASS,complete_clean_certificate
focused_heldout_400,focused_265,0.012926905719733133,1-2%,edge_blob,PASS,PASS,complete_clean_certificate
focused_heldout_400,focused_266,0.017638071709156555,1-2%,registration_shifted,PASS,UNKNOWN,spatial_certificate_failed
focused_heldout_400,focused_267,0.09864364564091459,>5%,elongated_streak,FLAG,FLAG,positive_contamination_evidence
focused_heldout_400,focused_268,0.006813290302850157,<1%,registration_shifted,PASS,PASS,complete_clean_certificate
focused_heldout_400,focused_269,0.004818238479510677,<1%,edge_blob,PASS,PASS,complete_clean_certificate
focused_heldout_400,focused_270,0.0013743006005521724,<1%,psf_blurred,PASS,UNKNOWN,spatial_certificate_failed
focused_heldout_400,focused_271,0.007721945058113739,<1%,edge_blob,PASS,PASS,complete_clean_certificate
focused_heldout_400,focused_272,0.03916217776894291,2-5%,multiple_droplets,PASS,UNKNOWN,spatial_certificate_failed
focused_heldout_400,focused_273,0.002759258778030822,<1%,multiple_droplets,PASS,PASS,complete_clean_certificate
focused_heldout_400,focused_274,0.019201411358560395,1-2%,compact_blob,PASS,UNKNOWN,spatial_certificate_failed
focused_heldout_400,focused_275,0.002773020812322341,<1%,dispersed_sparse,PASS,PASS,complete_clean_certificate
focused_heldout_400,focused_276,0.004910080374814069,<1%,corner_blob,PASS,PASS,complete_clean_certificate
focused_heldout_400,focused_277,0.006862769709076725,<1%,elongated_streak,PASS,PASS,complete_clean_certificate
focused_heldout_400,focused_278,0.022256446290749524,2-5%,compact_blob,PASS,UNKNOWN,spatial_certificate_failed
focused_heldout_400,focused_279,0.012705089541862512,1-2%,dispersed_sparse,PASS,PASS,complete_clean_certificate
focused_heldout_400,focused_280,0.0012784449154929402,<1%,dispersed_sparse,PASS,PASS,complete_clean_certificate
focused_heldout_400,focused_281,0.08689831772246226,>5%,registration_shifted,UNKNOWN,UNKNOWN,insufficient_or_incompatible_evidence
focused_heldout_400,focused_282,0.05473458505611704,>5%,registration_shifted,FLAG,FLAG,positive_contamination_evidence
focused_heldout_400,focused_283,0.10846200403250494,>5%,corner_blob,UNKNOWN,UNKNOWN,insufficient_or_incompatible_evidence
focused_heldout_400,focused_284,0.03350756610095685,2-5%,psf_blurred,UNKNOWN,UNKNOWN,insufficient_or_incompatible_evidence
focused_heldout_400,focused_285,0.00272982724027471,<1%,multiple_droplets,FLAG,FLAG,positive_contamination_evidence
focused_heldout_400,focused_286,0.007140609820273013,<1%,compact_blob,PASS,PASS,complete_clean_certificate
focused_heldout_400,focused_287,0.0847719700449145,>5%,elongated_streak,FLAG,FLAG,positive_contamination_evidence
focused_heldout_400,focused_288,0.02445948201440297,2-5%,compact_blob,FLAG,FLAG,positive_contamination_evidence
focused_heldout_400,focused_289,0.0012697796386708028,<1%,compact_blob,PASS,PASS,complete_clean_certificate
focused_heldout_400,focused_290,0.06019909851909639,>5%,compact_blob,UNKNOWN,UNKNOWN,insufficient_or_incompatible_evidence
focused_heldout_400,focused_291,0.0015159923164426187,<1%,elongated_streak,PASS,PASS,complete_clean_certificate
focused_heldout_400,focused_292,0.005229697494743864,<1%,edge_blob,FLAG,FLAG,positive_contamination_evidence
focused_heldout_400,focused_293,0.0596376159029428,>5%,psf_blurred,UNKNOWN,UNKNOWN,insufficient_or_incompatible_evidence
focused_heldout_400,focused_294,0.06122875238598174,>5%,elongated_streak,UNKNOWN,UNKNOWN,insufficient_or_incompatible_evidence
focused_heldout_400,focused_295,0.013072878773205262,1-2%,registration_shifted,PASS,UNKNOWN,spatial_certificate_failed
focused_heldout_400,focused_296,0.0012202291353233963,<1%,registration_shifted,PASS,PASS,complete_clean_certificate
focused_heldout_400,focused_297,0.1165412329858852,>5%,registration_shifted,FLAG,FLAG,positive_contamination_evidence
focused_heldout_400,focused_298,0.004597306206697873,<1%,edge_blob,PASS,PASS,complete_clean_certificate
focused_heldout_400,focused_299,0.014336010779268679,1-2%,elongated_streak,FLAG,FLAG,positive_contamination_evidence
focused_heldout_400,focused_300,0.012877196327669012,1-2%,dispersed_sparse,FLAG,FLAG,positive_contamination_evidence
focused_heldout_400,focused_301,0.06607732292421387,>5%,edge_blob,UNKNOWN,UNKNOWN,insufficient_or_incompatible_evidence
focused_heldout_400,focused_302,0.006748893927123878,<1%,dispersed_sparse,PASS,PASS,complete_clean_certificate
focused_heldout_400,focused_303,0.0024166230171221085,<1%,edge_blob,PASS,PASS,complete_clean_certificate
focused_heldout_400,focused_304,0.04188858786345605,2-5%,psf_blurred,FLAG,FLAG,positive_contamination_evidence
focused_heldout_400,focused_305,0.0667267777845602,>5%,registration_shifted,FLAG,FLAG,positive_contamination_evidence
focused_heldout_400,focused_306,0.06584835416588901,>5%,dispersed_sparse,FLAG,FLAG,positive_contamination_evidence
focused_heldout_400,focused_307,0.006029961653163324,<1%,corner_blob,PASS,PASS,complete_clean_certificate
focused_heldout_400,focused_308,0.0010494087522769813,<1%,elongated_streak,FLAG,FLAG,positive_contamination_evidence
focused_heldout_400,focused_309,0.005886813242938913,<1%,elongated_streak,FLAG,FLAG,positive_contamination_evidence
focused_heldout_400,focused_310,0.0017439166788154482,<1%,elongated_streak,PASS,PASS,complete_clean_certificate
focused_heldout_400,focused_311,0.003242181343529665,<1%,elongated_streak,PASS,PASS,complete_clean_certificate
focused_heldout_400,focused_312,0.05617791744738776,>5%,corner_blob,FLAG,FLAG,positive_contamination_evidence
focused_heldout_400,focused_313,0.0017244959518308244,<1%,registration_shifted,PASS,PASS,complete_clean_certificate
focused_heldout_400,focused_314,0.07325786704350273,>5%,multiple_droplets,UNKNOWN,UNKNOWN,insufficient_or_incompatible_evidence
focused_heldout_400,focused_315,0.016351912879709694,1-2%,elongated_streak,FLAG,FLAG,positive_contamination_evidence
focused_heldout_400,focused_316,0.025129210676438793,2-5%,psf_blurred,PASS,UNKNOWN,spatial_certificate_failed
focused_heldout_400,focused_317,0.00316373066824697,<1%,registration_shifted,PASS,PASS,complete_clean_certificate
focused_heldout_400,focused_318,0.07630097793461892,>5%,corner_blob,UNKNOWN,UNKNOWN,insufficient_or_incompatible_evidence
focused_heldout_400,focused_319,0.02956156622813518,2-5%,corner_blob,PASS,UNKNOWN,spatial_certificate_failed
focused_heldout_400,focused_320,0.011120644339930548,1-2%,elongated_streak,PASS,PASS,complete_clean_certificate
focused_heldout_400,focused_321,0.003113463006821644,<1%,elongated_streak,PASS,PASS,complete_clean_certificate
focused_heldout_400,focused_322,0.11862722678864136,>5%,elongated_streak,UNKNOWN,UNKNOWN,insufficient_or_incompatible_evidence
focused_heldout_400,focused_323,0.0029540464113218166,<1%,multiple_droplets,PASS,PASS,complete_clean_certificate
focused_heldout_400,focused_324,0.0013845183541680798,<1%,psf_blurred,PASS,UNKNOWN,spatial_certificate_failed
focused_heldout_400,focused_325,0.030615258834641737,2-5%,dispersed_sparse,FLAG,FLAG,positive_contamination_evidence
focused_heldout_400,focused_326,0.007881981695093007,<1%,compact_blob,FLAG,FLAG,positive_contamination_evidence
focused_heldout_400,focused_327,0.08340338109020153,>5%,dispersed_sparse,FLAG,FLAG,positive_contamination_evidence
focused_heldout_400,focused_328,0.003808447537637464,<1%,psf_blurred,PASS,PASS,complete_clean_certificate
focused_heldout_400,focused_329,0.0013155973328986634,<1%,dispersed_sparse,PASS,PASS,complete_clean_certificate
focused_heldout_400,focused_330,0.0015958140556768636,<1%,dispersed_sparse,PASS,PASS,complete_clean_certificate
focused_heldout_400,focused_331,0.0011058575736490424,<1%,corner_blob,PASS,PASS,complete_clean_certificate
focused_heldout_400,focused_332,0.004620275668275756,<1%,dispersed_sparse,PASS,PASS,complete_clean_certificate
focused_heldout_400,focused_333,0.0020394503790710015,<1%,edge_blob,PASS,PASS,complete_clean_certificate
focused_heldout_400,focused_334,0.005537240383121001,<1%,edge_blob,PASS,PASS,complete_clean_certificate
focused_heldout_400,focused_335,0.006647623487488369,<1%,multiple_droplets,FLAG,FLAG,positive_contamination_evidence
focused_heldout_400,focused_336,0.0012474537030802003,<1%,corner_blob,PASS,PASS,complete_clean_certificate
focused_heldout_400,focused_337,0.030926422809024533,2-5%,edge_blob,PASS,UNKNOWN,spatial_certificate_failed
focused_heldout_400,focused_338,0.002353430890030357,<1%,elongated_streak,PASS,PASS,complete_clean_certificate
focused_heldout_400,focused_339,0.011398131696506993,1-2%,edge_blob,PASS,PASS,complete_clean_certificate
focused_heldout_400,focused_340,0.003562058812906807,<1%,dispersed_sparse,PASS,PASS,complete_clean_certificate
focused_heldout_400,focused_341,0.002691523316696451,<1%,registration_shifted,FLAG,FLAG,positive_contamination_evidence
focused_heldout_400,focused_342,0.003059080066473444,<1%,multiple_droplets,FLAG,FLAG,positive_contamination_evidence
focused_heldout_400,focused_343,0.012386972751303332,1-2%,psf_blurred,UNKNOWN,UNKNOWN,insufficient_or_incompatible_evidence
focused_heldout_400,focused_344,0.001501308745635302,<1%,registration_shifted,PASS,PASS,complete_clean_certificate
focused_heldout_400,focused_345,0.010254758404416581,1-2%,compact_blob,FLAG,FLAG,positive_contamination_evidence
focused_heldout_400,focused_346,0.002697235779428189,<1%,multiple_droplets,PASS,PASS,complete_clean_certificate
focused_heldout_400,focused_347,0.07872750724357923,>5%,edge_blob,FLAG,FLAG,positive_contamination_evidence
focused_heldout_400,focused_348,0.09232547721934974,>5%,elongated_streak,FLAG,FLAG,positive_contamination_evidence
focused_heldout_400,focused_349,0.0009225354105927752,<1%,psf_blurred,PASS,UNKNOWN,spatial_certificate_failed
focused_heldout_400,focused_350,0.016132168399086308,1-2%,dispersed_sparse,PASS,PASS,complete_clean_certificate
focused_heldout_400,focused_351,0.00742980188691529,<1%,psf_blurred,PASS,PASS,complete_clean_certificate
focused_heldout_400,focused_352,0.004332027472405766,<1%,compact_blob,PASS,PASS,complete_clean_certificate
focused_heldout_400,focused_353,0.08893960028001419,>5%,psf_blurred,FLAG,FLAG,positive_contamination_evidence
focused_heldout_400,focused_354,0.058457350646453674,>5%,psf_blurred,UNKNOWN,UNKNOWN,insufficient_or_incompatible_evidence
focused_heldout_400,focused_355,0.010848510613362795,1-2%,compact_blob,FLAG,FLAG,positive_contamination_evidence
focused_heldout_400,focused_356,0.0009877050294339344,<1%,elongated_streak,PASS,PASS,complete_clean_certificate
focused_heldout_400,focused_357,0.004839822436817452,<1%,elongated_streak,PASS,PASS,complete_clean_certificate
focused_heldout_400,focused_358,0.030561115660039224,2-5%,edge_blob,FLAG,FLAG,positive_contamination_evidence
focused_heldout_400,focused_359,0.00426456312950774,<1%,multiple_droplets,PASS,PASS,complete_clean_certificate
focused_heldout_400,focused_360,0.008809654050368036,<1%,elongated_streak,PASS,PASS,complete_clean_certificate
focused_heldout_400,focused_361,0.06618757810445931,>5%,multiple_droplets,UNKNOWN,UNKNOWN,insufficient_or_incompatible_evidence
focused_heldout_400,focused_362,0.06070083016670426,>5%,dispersed_sparse,FLAG,FLAG,positive_contamination_evidence
focused_heldout_400,focused_363,0.0058662326342832855,<1%,corner_blob,PASS,PASS,complete_clean_certificate
focused_heldout_400,focused_364,0.0664417132847237,>5%,compact_blob,UNKNOWN,UNKNOWN,insufficient_or_incompatible_evidence
focused_heldout_400,focused_365,0.08127612492398517,>5%,multiple_droplets,UNKNOWN,UNKNOWN,insufficient_or_incompatible_evidence
focused_heldout_400,focused_366,0.03257694494640985,2-5%,compact_blob,FLAG,FLAG,positive_contamination_evidence
focused_heldout_400,focused_367,0.0010137069900779925,<1%,dispersed_sparse,PASS,PASS,complete_clean_certificate
focused_heldout_400,focused_368,0.001521472693107899,<1%,elongated_streak,PASS,PASS,complete_clean_certificate
focused_heldout_400,focused_369,0.11371436942074191,>5%,edge_blob,FLAG,FLAG,positive_contamination_evidence
focused_heldout_400,focused_370,0.03530871345552767,2-5%,corner_blob,PASS,UNKNOWN,spatial_certificate_failed
focused_heldout_400,focused_371,0.005351143691701407,<1%,multiple_droplets,PASS,PASS,complete_clean_certificate
focused_heldout_400,focused_372,0.028280500715085966,2-5%,dispersed_sparse,PASS,PASS,complete_clean_certificate
focused_heldout_400,focused_373,0.0010306476434828653,<1%,registration_shifted,PASS,PASS,complete_clean_certificate
focused_heldout_400,focused_374,0.0589489376613476,>5%,elongated_streak,UNKNOWN,UNKNOWN,insufficient_or_incompatible_evidence
focused_heldout_400,focused_375,0.030268516536558987,2-5%,multiple_droplets,FLAG,FLAG,positive_contamination_evidence
focused_heldout_400,focused_376,0.03180522333163248,2-5%,corner_blob,PASS,UNKNOWN,spatial_certificate_failed
focused_heldout_400,focused_377,0.005281703243182333,<1%,corner_blob,FLAG,FLAG,positive_contamination_evidence
focused_heldout_400,focused_378,0.06260937640307991,>5%,multiple_droplets,UNKNOWN,UNKNOWN,insufficient_or_incompatible_evidence
focused_heldout_400,focused_379,0.05078945861804288,>5%,compact_blob,UNKNOWN,UNKNOWN,insufficient_or_incompatible_evidence
focused_heldout_400,focused_380,0.003750080116281483,<1%,edge_blob,FLAG,FLAG,positive_contamination_evidence
focused_heldout_400,focused_381,0.07498241258419519,>5%,dispersed_sparse,FLAG,FLAG,positive_contamination_evidence
focused_heldout_400,focused_382,0.0021590693675485736,<1%,edge_blob,PASS,PASS,complete_clean_certificate
focused_heldout_400,focused_383,0.0018557374670158,<1%,dispersed_sparse,FLAG,FLAG,positive_contamination_evidence
focused_heldout_400,focused_384,0.035837809235094886,2-5%,multiple_droplets,PASS,PASS,complete_clean_certificate
focused_heldout_400,focused_385,0.004831955707745703,<1%,psf_blurred,FLAG,FLAG,positive_contamination_evidence
focused_heldout_400,focused_386,0.0016026795972257219,<1%,elongated_streak,FLAG,FLAG,positive_contamination_evidence
focused_heldout_400,focused_387,0.0020247593771459717,<1%,corner_blob,PASS,PASS,complete_clean_certificate
focused_heldout_400,focused_388,0.0013710533750667306,<1%,elongated_streak,PASS,PASS,complete_clean_certificate
focused_heldout_400,focused_389,0.03665110046539102,2-5%,compact_blob,PASS,UNKNOWN,spatial_certificate_failed
focused_heldout_400,focused_390,0.0017434244395041717,<1%,edge_blob,PASS,PASS,complete_clean_certificate
focused_heldout_400,focused_391,0.004765766134243051,<1%,dispersed_sparse,PASS,PASS,complete_clean_certificate
focused_heldout_400,focused_392,0.006166190437462025,<1%,dispersed_sparse,PASS,PASS,complete_clean_certificate
focused_heldout_400,focused_393,0.006988445677376089,<1%,compact_blob,FLAG,FLAG,positive_contamination_evidence
focused_heldout_400,focused_394,0.009966465337995247,<1%,registration_shifted,PASS,PASS,complete_clean_certificate
focused_heldout_400,focused_395,0.01694284004189781,1-2%,edge_blob,FLAG,FLAG,positive_contamination_evidence
focused_heldout_400,focused_396,0.002054700329267299,<1%,compact_blob,PASS,PASS,complete_clean_certificate
focused_heldout_400,focused_397,0.0079979829601851,<1%,corner_blob,PASS,PASS,complete_clean_certificate
focused_heldout_400,focused_398,0.001321643220931736,<1%,compact_blob,PASS,PASS,complete_clean_certificate
focused_heldout_400,focused_399,0.01668364482951844,1-2%,multiple_droplets,PASS,PASS,complete_clean_certificate
